id,kata_a,kata_b,jenis_oposisi,bidang,tingkat_keyakinan,penjelasan,penggunaan_a,penggunaan_b,catatan
1,baik,buruk,gradabel/kontekstual,umum,menengah,Pasangan 'baik' dan 'buruk' memiliki hubungan pertentangan makna dalam konteks umum.,Contoh: penggunaan kata 'baik' disesuaikan dengan konteks kalimat.,Contoh: penggunaan kata 'buruk' disesuaikan dengan konteks kalimat.,Makna berlawanan dapat bergantung pada konteks dan ranah pemakaian.
2,besar,kecil,gradabel/kontekstual,umum,menengah,Pasangan 'besar' dan 'kecil' memiliki hubungan pertentangan makna dalam konteks umum.,Contoh: penggunaan kata 'besar' disesuaikan dengan konteks kalimat.,Contoh: penggunaan kata 'kecil' disesuaikan dengan konteks kalimat.,Makna berlawanan dapat bergantung pada konteks dan ranah pemakaian.
3,panjang,pendek,gradabel/kontekstual,umum,menengah,Pasangan 'panjang' dan 'pendek' memiliki hubungan pertentangan makna dalam konteks umum.,Contoh: penggunaan kata 'panjang' disesuaikan dengan konteks kalimat.,Contoh: penggunaan kata 'pendek' disesuaikan dengan konteks kalimat.,Makna berlawanan dapat bergantung pada konteks dan ranah pemakaian.
4,tinggi,rendah,gradabel/kontekstual,umum,menengah,Pasangan 'tinggi' dan 'rendah' memiliki hubungan pertentangan makna dalam konteks umum.,Contoh: penggunaan kata 'tinggi' disesuaikan dengan konteks kalimat.,Contoh: penggunaan kata 'rendah' disesuaikan dengan konteks kalimat.,Makna berlawanan dapat bergantung pada konteks dan ranah pemakaian.
5,cepat,lambat,gradabel/kontekstual,umum,menengah,Pasangan 'cepat' dan 'lambat' memiliki hubungan pertentangan makna dalam konteks umum.,Contoh: penggunaan kata 'cepat' disesuaikan dengan konteks kalimat.,Contoh: penggunaan kata 'lambat' disesuaikan dengan konteks kalimat.,Makna berlawanan dapat bergantung pada konteks dan ranah pemakaian.
6,jauh,dekat,gradabel/kontekstual,umum,menengah,Pasangan 'jauh' dan 'dekat' memiliki hubungan pertentangan makna dalam konteks umum.,Contoh: penggunaan kata 'jauh' disesuaikan dengan konteks kalimat.,Contoh: penggunaan kata 'dekat' disesuaikan dengan konteks kalimat.,Makna berlawanan dapat bergantung pada konteks dan ranah pemakaian.
7,atas,bawah,direksional/reversif,umum,tinggi,Pasangan 'atas' dan 'bawah' memiliki hubungan pertentangan makna dalam konteks umum.,Contoh: penggunaan kata 'atas' disesuaikan dengan konteks kalimat.,Contoh: penggunaan kata 'bawah' disesuaikan dengan konteks kalimat.,Hubungan pertentangan makna relatif langsung.
8,depan,belakang,direksional/reversif,umum,tinggi,Pasangan 'depan' dan 'belakang' memiliki hubungan pertentangan makna dalam konteks umum.,Contoh: penggunaan kata 'depan' disesuaikan dengan konteks kalimat.,Contoh: penggunaan kata 'belakang' disesuaikan dengan konteks kalimat.,Hubungan pertentangan makna relatif langsung.
9,luar,dalam,gradabel/kontekstual,umum,menengah,Pasangan 'luar' dan 'dalam' memiliki hubungan pertentangan makna dalam konteks umum.,Contoh: penggunaan kata 'luar' disesuaikan dengan konteks kalimat.,Contoh: penggunaan kata 'dalam' disesuaikan dengan konteks kalimat.,Makna berlawanan dapat bergantung pada konteks dan ranah pemakaian.
10,kiri,kanan,direksional/reversif,umum,tinggi,Pasangan 'kiri' dan 'kanan' memiliki hubungan pertentangan makna dalam konteks umum.,Contoh: penggunaan kata 'kiri' disesuaikan dengan konteks kalimat.,Contoh: penggunaan kata 'kanan' disesuaikan dengan konteks kalimat.,Hubungan pertentangan makna relatif langsung.
11,hidup,mati,komplementer,umum,tinggi,Pasangan 'hidup' dan 'mati' memiliki hubungan pertentangan makna dalam konteks umum.,Contoh: penggunaan kata 'hidup' disesuaikan dengan konteks kalimat.,Contoh: penggunaan kata 'mati' disesuaikan dengan konteks kalimat.,Hubungan pertentangan makna relatif langsung.
12,siang,malam,gradabel/kontekstual,umum,menengah,Pasangan 'siang' dan 'malam' memiliki hubungan pertentangan makna dalam konteks umum.,Contoh: penggunaan kata 'siang' disesuaikan dengan konteks kalimat.,Contoh: penggunaan kata 'malam' disesuaikan dengan konteks kalimat.,Makna berlawanan dapat bergantung pada konteks dan ranah pemakaian.
13,pagi,sore,gradabel/kontekstual,umum,menengah,Pasangan 'pagi' dan 'sore' memiliki hubungan pertentangan makna dalam konteks umum.,Contoh: penggunaan kata 'pagi' disesuaikan dengan konteks kalimat.,Contoh: penggunaan kata 'sore' disesuaikan dengan konteks kalimat.,Makna berlawanan dapat bergantung pada konteks dan ranah pemakaian.
14,panas,dingin,gradabel/kontekstual,umum,menengah,Pasangan 'panas' dan 'dingin' memiliki hubungan pertentangan makna dalam konteks umum.,Contoh: penggunaan kata 'panas' disesuaikan dengan konteks kalimat.,Contoh: penggunaan kata 'dingin' disesuaikan dengan konteks kalimat.,Makna berlawanan dapat bergantung pada konteks dan ranah pemakaian.
15,mahal,murah,gradabel/kontekstual,umum,menengah,Pasangan 'mahal' dan 'murah' memiliki hubungan pertentangan makna dalam konteks umum.,Contoh: penggunaan kata 'mahal' disesuaikan dengan konteks kalimat.,Contoh: penggunaan kata 'murah' disesuaikan dengan konteks kalimat.,Makna berlawanan dapat bergantung pada konteks dan ranah pemakaian.
16,tebal,tipis,gradabel/kontekstual,umum,menengah,Pasangan 'tebal' dan 'tipis' memiliki hubungan pertentangan makna dalam konteks umum.,Contoh: penggunaan kata 'tebal' disesuaikan dengan konteks kalimat.,Contoh: penggunaan kata 'tipis' disesuaikan dengan konteks kalimat.,Makna berlawanan dapat bergantung pada konteks dan ranah pemakaian.
17,berat,ringan,gradabel/kontekstual,umum,menengah,Pasangan 'berat' dan 'ringan' memiliki hubungan pertentangan makna dalam konteks umum.,Contoh: penggunaan kata 'berat' disesuaikan dengan konteks kalimat.,Contoh: penggunaan kata 'ringan' disesuaikan dengan konteks kalimat.,Makna berlawanan dapat bergantung pada konteks dan ranah pemakaian.
18,terang,gelap,gradabel/kontekstual,umum,menengah,Pasangan 'terang' dan 'gelap' memiliki hubungan pertentangan makna dalam konteks umum.,Contoh: penggunaan kata 'terang' disesuaikan dengan konteks kalimat.,Contoh: penggunaan kata 'gelap' disesuaikan dengan konteks kalimat.,Makna berlawanan dapat bergantung pada konteks dan ranah pemakaian.
19,bersih,kotor,gradabel/kontekstual,umum,menengah,Pasangan 'bersih' dan 'kotor' memiliki hubungan pertentangan makna dalam konteks umum.,Contoh: penggunaan kata 'bersih' disesuaikan dengan konteks kalimat.,Contoh: penggunaan kata 'kotor' disesuaikan dengan konteks kalimat.,Makna berlawanan dapat bergantung pada konteks dan ranah pemakaian.
20,rajin,malas,gradabel/kontekstual,umum,menengah,Pasangan 'rajin' dan 'malas' memiliki hubungan pertentangan makna dalam konteks umum.,Contoh: penggunaan kata 'rajin' disesuaikan dengan konteks kalimat.,Contoh: penggunaan kata 'malas' disesuaikan dengan konteks kalimat.,Makna berlawanan dapat bergantung pada konteks dan ranah pemakaian.
21,pintar,bodoh,gradabel/kontekstual,umum,menengah,Pasangan 'pintar' dan 'bodoh' memiliki hubungan pertentangan makna dalam konteks umum.,Contoh: penggunaan kata 'pintar' disesuaikan dengan konteks kalimat.,Contoh: penggunaan kata 'bodoh' disesuaikan dengan konteks kalimat.,Makna berlawanan dapat bergantung pada konteks dan ranah pemakaian.
22,kuat,lemah,gradabel/kontekstual,umum,menengah,Pasangan 'kuat' dan 'lemah' memiliki hubungan pertentangan makna dalam konteks umum.,Contoh: penggunaan kata 'kuat' disesuaikan dengan konteks kalimat.,Contoh: penggunaan kata 'lemah' disesuaikan dengan konteks kalimat.,Makna berlawanan dapat bergantung pada konteks dan ranah pemakaian.
23,berani,takut,gradabel/kontekstual,umum,menengah,Pasangan 'berani' dan 'takut' memiliki hubungan pertentangan makna dalam konteks umum.,Contoh: penggunaan kata 'berani' disesuaikan dengan konteks kalimat.,Contoh: penggunaan kata 'takut' disesuaikan dengan konteks kalimat.,Makna berlawanan dapat bergantung pada konteks dan ranah pemakaian.
24,senang,sedih,gradabel/kontekstual,umum,menengah,Pasangan 'senang' dan 'sedih' memiliki hubungan pertentangan makna dalam konteks umum.,Contoh: penggunaan kata 'senang' disesuaikan dengan konteks kalimat.,Contoh: penggunaan kata 'sedih' disesuaikan dengan konteks kalimat.,Makna berlawanan dapat bergantung pada konteks dan ranah pemakaian.
25,bahagia,sengsara,gradabel/kontekstual,umum,menengah,Pasangan 'bahagia' dan 'sengsara' memiliki hubungan pertentangan makna dalam konteks umum.,Contoh: penggunaan kata 'bahagia' disesuaikan dengan konteks kalimat.,Contoh: penggunaan kata 'sengsara' disesuaikan dengan konteks kalimat.,Makna berlawanan dapat bergantung pada konteks dan ranah pemakaian.
26,untung,rugi,gradabel/kontekstual,umum,menengah,Pasangan 'untung' dan 'rugi' memiliki hubungan pertentangan makna dalam konteks umum.,Contoh: penggunaan kata 'untung' disesuaikan dengan konteks kalimat.,Contoh: penggunaan kata 'rugi' disesuaikan dengan konteks kalimat.,Makna berlawanan dapat bergantung pada konteks dan ranah pemakaian.
27,menang,kalah,gradabel/kontekstual,umum,menengah,Pasangan 'menang' dan 'kalah' memiliki hubungan pertentangan makna dalam konteks umum.,Contoh: penggunaan kata 'menang' disesuaikan dengan konteks kalimat.,Contoh: penggunaan kata 'kalah' disesuaikan dengan konteks kalimat.,Makna berlawanan dapat bergantung pada konteks dan ranah pemakaian.
28,tambah,kurang,gradabel/kontekstual,umum,menengah,Pasangan 'tambah' dan 'kurang' memiliki hubungan pertentangan makna dalam konteks umum.,Contoh: penggunaan kata 'tambah' disesuaikan dengan konteks kalimat.,Contoh: penggunaan kata 'kurang' disesuaikan dengan konteks kalimat.,Makna berlawanan dapat bergantung pada konteks dan ranah pemakaian.
29,banyak,sedikit,gradabel/kontekstual,umum,menengah,Pasangan 'banyak' dan 'sedikit' memiliki hubungan pertentangan makna dalam konteks umum.,Contoh: penggunaan kata 'banyak' disesuaikan dengan konteks kalimat.,Contoh: penggunaan kata 'sedikit' disesuaikan dengan konteks kalimat.,Makna berlawanan dapat bergantung pada konteks dan ranah pemakaian.
30,muda,tua,gradabel/kontekstual,umum,menengah,Pasangan 'muda' dan 'tua' memiliki hubungan pertentangan makna dalam konteks umum.,Contoh: penggunaan kata 'muda' disesuaikan dengan konteks kalimat.,Contoh: penggunaan kata 'tua' disesuaikan dengan konteks kalimat.,Makna berlawanan dapat bergantung pada konteks dan ranah pemakaian.
31,baru,lama,gradabel/kontekstual,umum,menengah,Pasangan 'baru' dan 'lama' memiliki hubungan pertentangan makna dalam konteks umum.,Contoh: penggunaan kata 'baru' disesuaikan dengan konteks kalimat.,Contoh: penggunaan kata 'lama' disesuaikan dengan konteks kalimat.,Makna berlawanan dapat bergantung pada konteks dan ranah pemakaian.
32,asli,palsu,gradabel/kontekstual,umum,menengah,Pasangan 'asli' dan 'palsu' memiliki hubungan pertentangan makna dalam konteks umum.,Contoh: penggunaan kata 'asli' disesuaikan dengan konteks kalimat.,Contoh: penggunaan kata 'palsu' disesuaikan dengan konteks kalimat.,Makna berlawanan dapat bergantung pada konteks dan ranah pemakaian.
33,lurus,bengkok,gradabel/kontekstual,umum,menengah,Pasangan 'lurus' dan 'bengkok' memiliki hubungan pertentangan makna dalam konteks umum.,Contoh: penggunaan kata 'lurus' disesuaikan dengan konteks kalimat.,Contoh: penggunaan kata 'bengkok' disesuaikan dengan konteks kalimat.,Makna berlawanan dapat bergantung pada konteks dan ranah pemakaian.
34,halus,kasar,gradabel/kontekstual,umum,menengah,Pasangan 'halus' dan 'kasar' memiliki hubungan pertentangan makna dalam konteks umum.,Contoh: penggunaan kata 'halus' disesuaikan dengan konteks kalimat.,Contoh: penggunaan kata 'kasar' disesuaikan dengan konteks kalimat.,Makna berlawanan dapat bergantung pada konteks dan ranah pemakaian.
35,lembut,keras,gradabel/kontekstual,umum,menengah,Pasangan 'lembut' dan 'keras' memiliki hubungan pertentangan makna dalam konteks umum.,Contoh: penggunaan kata 'lembut' disesuaikan dengan konteks kalimat.,Contoh: penggunaan kata 'keras' disesuaikan dengan konteks kalimat.,Makna berlawanan dapat bergantung pada konteks dan ranah pemakaian.
36,tajam,tumpul,gradabel/kontekstual,umum,menengah,Pasangan 'tajam' dan 'tumpul' memiliki hubungan pertentangan makna dalam konteks umum.,Contoh: penggunaan kata 'tajam' disesuaikan dengan konteks kalimat.,Contoh: penggunaan kata 'tumpul' disesuaikan dengan konteks kalimat.,Makna berlawanan dapat bergantung pada konteks dan ranah pemakaian.
37,lapar,kenyang,gradabel/kontekstual,umum,menengah,Pasangan 'lapar' dan 'kenyang' memiliki hubungan pertentangan makna dalam konteks umum.,Contoh: penggunaan kata 'lapar' disesuaikan dengan konteks kalimat.,Contoh: penggunaan kata 'kenyang' disesuaikan dengan konteks kalimat.,Makna berlawanan dapat bergantung pada konteks dan ranah pemakaian.
38,bangun,tidur,gradabel/kontekstual,umum,menengah,Pasangan 'bangun' dan 'tidur' memiliki hubungan pertentangan makna dalam konteks umum.,Contoh: penggunaan kata 'bangun' disesuaikan dengan konteks kalimat.,Contoh: penggunaan kata 'tidur' disesuaikan dengan konteks kalimat.,Makna berlawanan dapat bergantung pada konteks dan ranah pemakaian.
39,pergi,datang,direksional/reversif,umum,tinggi,Pasangan 'pergi' dan 'datang' memiliki hubungan pertentangan makna dalam konteks umum.,Contoh: penggunaan kata 'pergi' disesuaikan dengan konteks kalimat.,Contoh: penggunaan kata 'datang' disesuaikan dengan konteks kalimat.,Hubungan pertentangan makna relatif langsung.
40,masuk,keluar,direksional/reversif,umum,tinggi,Pasangan 'masuk' dan 'keluar' memiliki hubungan pertentangan makna dalam konteks umum.,Contoh: penggunaan kata 'masuk' disesuaikan dengan konteks kalimat.,Contoh: penggunaan kata 'keluar' disesuaikan dengan konteks kalimat.,Hubungan pertentangan makna relatif langsung.
41,beli,jual,relasional,umum,menengah,Pasangan 'beli' dan 'jual' memiliki hubungan pertentangan makna dalam konteks umum.,Contoh: penggunaan kata 'beli' disesuaikan dengan konteks kalimat.,Contoh: penggunaan kata 'jual' disesuaikan dengan konteks kalimat.,Makna berlawanan dapat bergantung pada konteks dan ranah pemakaian.
42,buka,tutup,gradabel/kontekstual,umum,menengah,Pasangan 'buka' dan 'tutup' memiliki hubungan pertentangan makna dalam konteks umum.,Contoh: penggunaan kata 'buka' disesuaikan dengan konteks kalimat.,Contoh: penggunaan kata 'tutup' disesuaikan dengan konteks kalimat.,Makna berlawanan dapat bergantung pada konteks dan ranah pemakaian.
43,nyala,padam,gradabel/kontekstual,umum,menengah,Pasangan 'nyala' dan 'padam' memiliki hubungan pertentangan makna dalam konteks umum.,Contoh: penggunaan kata 'nyala' disesuaikan dengan konteks kalimat.,Contoh: penggunaan kata 'padam' disesuaikan dengan konteks kalimat.,Makna berlawanan dapat bergantung pada konteks dan ranah pemakaian.
44,terbit,terbenam,gradabel/kontekstual,umum,menengah,Pasangan 'terbit' dan 'terbenam' memiliki hubungan pertentangan makna dalam konteks umum.,Contoh: penggunaan kata 'terbit' disesuaikan dengan konteks kalimat.,Contoh: penggunaan kata 'terbenam' disesuaikan dengan konteks kalimat.,Makna berlawanan dapat bergantung pada konteks dan ranah pemakaian.
45,naik,turun,direksional/reversif,umum,tinggi,Pasangan 'naik' dan 'turun' memiliki hubungan pertentangan makna dalam konteks umum.,Contoh: penggunaan kata 'naik' disesuaikan dengan konteks kalimat.,Contoh: penggunaan kata 'turun' disesuaikan dengan konteks kalimat.,Hubungan pertentangan makna relatif langsung.
46,maju,mundur,direksional/reversif,umum,tinggi,Pasangan 'maju' dan 'mundur' memiliki hubungan pertentangan makna dalam konteks umum.,Contoh: penggunaan kata 'maju' disesuaikan dengan konteks kalimat.,Contoh: penggunaan kata 'mundur' disesuaikan dengan konteks kalimat.,Hubungan pertentangan makna relatif langsung.
47,setuju,tolak,gradabel/kontekstual,umum,menengah,Pasangan 'setuju' dan 'tolak' memiliki hubungan pertentangan makna dalam konteks umum.,Contoh: penggunaan kata 'setuju' disesuaikan dengan konteks kalimat.,Contoh: penggunaan kata 'tolak' disesuaikan dengan konteks kalimat.,Makna berlawanan dapat bergantung pada konteks dan ranah pemakaian.
48,ya,tidak,komplementer,umum,tinggi,Pasangan 'ya' dan 'tidak' memiliki hubungan pertentangan makna dalam konteks umum.,Contoh: penggunaan kata 'ya' disesuaikan dengan konteks kalimat.,Contoh: penggunaan kata 'tidak' disesuaikan dengan konteks kalimat.,Hubungan pertentangan makna relatif langsung.
49,benar,salah,gradabel/kontekstual,umum,menengah,Pasangan 'benar' dan 'salah' memiliki hubungan pertentangan makna dalam konteks umum.,Contoh: penggunaan kata 'benar' disesuaikan dengan konteks kalimat.,Contoh: penggunaan kata 'salah' disesuaikan dengan konteks kalimat.,Makna berlawanan dapat bergantung pada konteks dan ranah pemakaian.
50,lulus,gagal,komplementer,umum,tinggi,Pasangan 'lulus' dan 'gagal' memiliki hubungan pertentangan makna dalam konteks umum.,Contoh: penggunaan kata 'lulus' disesuaikan dengan konteks kalimat.,Contoh: penggunaan kata 'gagal' disesuaikan dengan konteks kalimat.,Hubungan pertentangan makna relatif langsung.
51,ingat,lupa,gradabel/kontekstual,umum,menengah,Pasangan 'ingat' dan 'lupa' memiliki hubungan pertentangan makna dalam konteks umum.,Contoh: penggunaan kata 'ingat' disesuaikan dengan konteks kalimat.,Contoh: penggunaan kata 'lupa' disesuaikan dengan konteks kalimat.,Makna berlawanan dapat bergantung pada konteks dan ranah pemakaian.
52,kenal,asing,gradabel/kontekstual,umum,menengah,Pasangan 'kenal' dan 'asing' memiliki hubungan pertentangan makna dalam konteks umum.,Contoh: penggunaan kata 'kenal' disesuaikan dengan konteks kalimat.,Contoh: penggunaan kata 'asing' disesuaikan dengan konteks kalimat.,Makna berlawanan dapat bergantung pada konteks dan ranah pemakaian.
53,sehat,sakit,gradabel/kontekstual,kesehatan,menengah,Pasangan 'sehat' dan 'sakit' memiliki hubungan pertentangan makna dalam konteks kesehatan.,Contoh: penggunaan kata 'sehat' disesuaikan dengan konteks kalimat.,Contoh: penggunaan kata 'sakit' disesuaikan dengan konteks kalimat.,Makna berlawanan dapat bergantung pada konteks dan ranah pemakaian.
54,subur,tandus,gradabel/kontekstual,umum,menengah,Pasangan 'subur' dan 'tandus' memiliki hubungan pertentangan makna dalam konteks umum.,Contoh: penggunaan kata 'subur' disesuaikan dengan konteks kalimat.,Contoh: penggunaan kata 'tandus' disesuaikan dengan konteks kalimat.,Makna berlawanan dapat bergantung pada konteks dan ranah pemakaian.
55,ramai,sepi,gradabel/kontekstual,umum,menengah,Pasangan 'ramai' dan 'sepi' memiliki hubungan pertentangan makna dalam konteks umum.,Contoh: penggunaan kata 'ramai' disesuaikan dengan konteks kalimat.,Contoh: penggunaan kata 'sepi' disesuaikan dengan konteks kalimat.,Makna berlawanan dapat bergantung pada konteks dan ranah pemakaian.
56,luas,sempit,gradabel/kontekstual,umum,menengah,Pasangan 'luas' dan 'sempit' memiliki hubungan pertentangan makna dalam konteks umum.,Contoh: penggunaan kata 'luas' disesuaikan dengan konteks kalimat.,Contoh: penggunaan kata 'sempit' disesuaikan dengan konteks kalimat.,Makna berlawanan dapat bergantung pada konteks dan ranah pemakaian.
57,longgar,sempit,gradabel/kontekstual,umum,menengah,Pasangan 'longgar' dan 'sempit' memiliki hubungan pertentangan makna dalam konteks umum.,Contoh: penggunaan kata 'longgar' disesuaikan dengan konteks kalimat.,Contoh: penggunaan kata 'sempit' disesuaikan dengan konteks kalimat.,Makna berlawanan dapat bergantung pada konteks dan ranah pemakaian.
58,gemuk,kurus,gradabel/kontekstual,umum,menengah,Pasangan 'gemuk' dan 'kurus' memiliki hubungan pertentangan makna dalam konteks umum.,Contoh: penggunaan kata 'gemuk' disesuaikan dengan konteks kalimat.,Contoh: penggunaan kata 'kurus' disesuaikan dengan konteks kalimat.,Makna berlawanan dapat bergantung pada konteks dan ranah pemakaian.
59,wangi,busuk,gradabel/kontekstual,umum,menengah,Pasangan 'wangi' dan 'busuk' memiliki hubungan pertentangan makna dalam konteks umum.,Contoh: penggunaan kata 'wangi' disesuaikan dengan konteks kalimat.,Contoh: penggunaan kata 'busuk' disesuaikan dengan konteks kalimat.,Makna berlawanan dapat bergantung pada konteks dan ranah pemakaian.
60,manis,pahit,gradabel/kontekstual,umum,menengah,Pasangan 'manis' dan 'pahit' memiliki hubungan pertentangan makna dalam konteks umum.,Contoh: penggunaan kata 'manis' disesuaikan dengan konteks kalimat.,Contoh: penggunaan kata 'pahit' disesuaikan dengan konteks kalimat.,Makna berlawanan dapat bergantung pada konteks dan ranah pemakaian.
61,asin,tawar,gradabel/kontekstual,umum,menengah,Pasangan 'asin' dan 'tawar' memiliki hubungan pertentangan makna dalam konteks umum.,Contoh: penggunaan kata 'asin' disesuaikan dengan konteks kalimat.,Contoh: penggunaan kata 'tawar' disesuaikan dengan konteks kalimat.,Makna berlawanan dapat bergantung pada konteks dan ranah pemakaian.
62,asam,basa,gradabel/kontekstual,umum,menengah,Pasangan 'asam' dan 'basa' memiliki hubungan pertentangan makna dalam konteks umum.,Contoh: penggunaan kata 'asam' disesuaikan dengan konteks kalimat.,Contoh: penggunaan kata 'basa' disesuaikan dengan konteks kalimat.,Makna berlawanan dapat bergantung pada konteks dan ranah pemakaian.
63,kering,basah,gradabel/kontekstual,hukum,menengah,Pasangan 'kering' dan 'basah' memiliki hubungan pertentangan makna dalam konteks hukum.,Contoh: penggunaan kata 'kering' disesuaikan dengan konteks kalimat.,Contoh: penggunaan kata 'basah' disesuaikan dengan konteks kalimat.,Makna berlawanan dapat bergantung pada konteks dan ranah pemakaian.
64,penuh,kosong,gradabel/kontekstual,umum,menengah,Pasangan 'penuh' dan 'kosong' memiliki hubungan pertentangan makna dalam konteks umum.,Contoh: penggunaan kata 'penuh' disesuaikan dengan konteks kalimat.,Contoh: penggunaan kata 'kosong' disesuaikan dengan konteks kalimat.,Makna berlawanan dapat bergantung pada konteks dan ranah pemakaian.
65,padat,cair,gradabel/kontekstual,umum,menengah,Pasangan 'padat' dan 'cair' memiliki hubungan pertentangan makna dalam konteks umum.,Contoh: penggunaan kata 'padat' disesuaikan dengan konteks kalimat.,Contoh: penggunaan kata 'cair' disesuaikan dengan konteks kalimat.,Makna berlawanan dapat bergantung pada konteks dan ranah pemakaian.
66,surga,neraka,gradabel/kontekstual,umum,menengah,Pasangan 'surga' dan 'neraka' memiliki hubungan pertentangan makna dalam konteks umum.,Contoh: penggunaan kata 'surga' disesuaikan dengan konteks kalimat.,Contoh: penggunaan kata 'neraka' disesuaikan dengan konteks kalimat.,Makna berlawanan dapat bergantung pada konteks dan ranah pemakaian.
67,malaikat,setan,gradabel/kontekstual,umum,menengah,Pasangan 'malaikat' dan 'setan' memiliki hubungan pertentangan makna dalam konteks umum.,Contoh: penggunaan kata 'malaikat' disesuaikan dengan konteks kalimat.,Contoh: penggunaan kata 'setan' disesuaikan dengan konteks kalimat.,Makna berlawanan dapat bergantung pada konteks dan ranah pemakaian.
68,pahala,dosa,gradabel/kontekstual,agama,menengah,Pasangan 'pahala' dan 'dosa' memiliki hubungan pertentangan makna dalam konteks agama.,Contoh: penggunaan kata 'pahala' disesuaikan dengan konteks kalimat.,Contoh: penggunaan kata 'dosa' disesuaikan dengan konteks kalimat.,Makna berlawanan dapat bergantung pada konteks dan ranah pemakaian.
69,ibadah,maksiat,gradabel/kontekstual,umum,menengah,Pasangan 'ibadah' dan 'maksiat' memiliki hubungan pertentangan makna dalam konteks umum.,Contoh: penggunaan kata 'ibadah' disesuaikan dengan konteks kalimat.,Contoh: penggunaan kata 'maksiat' disesuaikan dengan konteks kalimat.,Makna berlawanan dapat bergantung pada konteks dan ranah pemakaian.
70,halal,haram,komplementer,agama,tinggi,Pasangan 'halal' dan 'haram' memiliki hubungan pertentangan makna dalam konteks agama.,Contoh: penggunaan kata 'halal' disesuaikan dengan konteks kalimat.,Contoh: penggunaan kata 'haram' disesuaikan dengan konteks kalimat.,Hubungan pertentangan makna relatif langsung.
71,suci,najis,gradabel/kontekstual,agama,menengah,Pasangan 'suci' dan 'najis' memiliki hubungan pertentangan makna dalam konteks agama.,Contoh: penggunaan kata 'suci' disesuaikan dengan konteks kalimat.,Contoh: penggunaan kata 'najis' disesuaikan dengan konteks kalimat.,Makna berlawanan dapat bergantung pada konteks dan ranah pemakaian.
72,iman,kufur,gradabel/kontekstual,agama,menengah,Pasangan 'iman' dan 'kufur' memiliki hubungan pertentangan makna dalam konteks agama.,Contoh: penggunaan kata 'iman' disesuaikan dengan konteks kalimat.,Contoh: penggunaan kata 'kufur' disesuaikan dengan konteks kalimat.,Makna berlawanan dapat bergantung pada konteks dan ranah pemakaian.
73,tauhid,syirik,gradabel/kontekstual,agama,menengah,Pasangan 'tauhid' dan 'syirik' memiliki hubungan pertentangan makna dalam konteks agama.,Contoh: penggunaan kata 'tauhid' disesuaikan dengan konteks kalimat.,Contoh: penggunaan kata 'syirik' disesuaikan dengan konteks kalimat.,Makna berlawanan dapat bergantung pada konteks dan ranah pemakaian.
74,syukur,kufur,gradabel/kontekstual,agama,menengah,Pasangan 'syukur' dan 'kufur' memiliki hubungan pertentangan makna dalam konteks agama.,Contoh: penggunaan kata 'syukur' disesuaikan dengan konteks kalimat.,Contoh: penggunaan kata 'kufur' disesuaikan dengan konteks kalimat.,Makna berlawanan dapat bergantung pada konteks dan ranah pemakaian.
75,ikhlas,pamrih,gradabel/kontekstual,umum,menengah,Pasangan 'ikhlas' dan 'pamrih' memiliki hubungan pertentangan makna dalam konteks umum.,Contoh: penggunaan kata 'ikhlas' disesuaikan dengan konteks kalimat.,Contoh: penggunaan kata 'pamrih' disesuaikan dengan konteks kalimat.,Makna berlawanan dapat bergantung pada konteks dan ranah pemakaian.
76,jujur,bohong,gradabel/kontekstual,umum,menengah,Pasangan 'jujur' dan 'bohong' memiliki hubungan pertentangan makna dalam konteks umum.,Contoh: penggunaan kata 'jujur' disesuaikan dengan konteks kalimat.,Contoh: penggunaan kata 'bohong' disesuaikan dengan konteks kalimat.,Makna berlawanan dapat bergantung pada konteks dan ranah pemakaian.
77,setia,khianat,gradabel/kontekstual,umum,menengah,Pasangan 'setia' dan 'khianat' memiliki hubungan pertentangan makna dalam konteks umum.,Contoh: penggunaan kata 'setia' disesuaikan dengan konteks kalimat.,Contoh: penggunaan kata 'khianat' disesuaikan dengan konteks kalimat.,Makna berlawanan dapat bergantung pada konteks dan ranah pemakaian.
78,aktif,pasif,komplementer,teknologi,tinggi,Pasangan 'aktif' dan 'pasif' memiliki hubungan pertentangan makna dalam konteks teknologi.,Contoh: penggunaan kata 'aktif' disesuaikan dengan konteks kalimat.,Contoh: penggunaan kata 'pasif' disesuaikan dengan konteks kalimat.,Hubungan pertentangan makna relatif langsung.
79,modern,tradisional,gradabel/kontekstual,umum,menengah,Pasangan 'modern' dan 'tradisional' memiliki hubungan pertentangan makna dalam konteks umum.,Contoh: penggunaan kata 'modern' disesuaikan dengan konteks kalimat.,Contoh: penggunaan kata 'tradisional' disesuaikan dengan konteks kalimat.,Makna berlawanan dapat bergantung pada konteks dan ranah pemakaian.
80,canggih,kuno,gradabel/kontekstual,umum,menengah,Pasangan 'canggih' dan 'kuno' memiliki hubungan pertentangan makna dalam konteks umum.,Contoh: penggunaan kata 'canggih' disesuaikan dengan konteks kalimat.,Contoh: penggunaan kata 'kuno' disesuaikan dengan konteks kalimat.,Makna berlawanan dapat bergantung pada konteks dan ranah pemakaian.
81,rapi,berantakan,gradabel/kontekstual,umum,menengah,Pasangan 'rapi' dan 'berantakan' memiliki hubungan pertentangan makna dalam konteks umum.,Contoh: penggunaan kata 'rapi' disesuaikan dengan konteks kalimat.,Contoh: penggunaan kata 'berantakan' disesuaikan dengan konteks kalimat.,Makna berlawanan dapat bergantung pada konteks dan ranah pemakaian.
82,hemat,boros,gradabel/kontekstual,umum,menengah,Pasangan 'hemat' dan 'boros' memiliki hubungan pertentangan makna dalam konteks umum.,Contoh: penggunaan kata 'hemat' disesuaikan dengan konteks kalimat.,Contoh: penggunaan kata 'boros' disesuaikan dengan konteks kalimat.,Makna berlawanan dapat bergantung pada konteks dan ranah pemakaian.
83,ramah,galak,gradabel/kontekstual,umum,menengah,Pasangan 'ramah' dan 'galak' memiliki hubungan pertentangan makna dalam konteks umum.,Contoh: penggunaan kata 'ramah' disesuaikan dengan konteks kalimat.,Contoh: penggunaan kata 'galak' disesuaikan dengan konteks kalimat.,Makna berlawanan dapat bergantung pada konteks dan ranah pemakaian.
84,pelit,dermawan,gradabel/kontekstual,umum,menengah,Pasangan 'pelit' dan 'dermawan' memiliki hubungan pertentangan makna dalam konteks umum.,Contoh: penggunaan kata 'pelit' disesuaikan dengan konteks kalimat.,Contoh: penggunaan kata 'dermawan' disesuaikan dengan konteks kalimat.,Makna berlawanan dapat bergantung pada konteks dan ranah pemakaian.
85,percaya,ragu,gradabel/kontekstual,umum,menengah,Pasangan 'percaya' dan 'ragu' memiliki hubungan pertentangan makna dalam konteks umum.,Contoh: penggunaan kata 'percaya' disesuaikan dengan konteks kalimat.,Contoh: penggunaan kata 'ragu' disesuaikan dengan konteks kalimat.,Makna berlawanan dapat bergantung pada konteks dan ranah pemakaian.
86,yakin,sangsi,gradabel/kontekstual,umum,menengah,Pasangan 'yakin' dan 'sangsi' memiliki hubungan pertentangan makna dalam konteks umum.,Contoh: penggunaan kata 'yakin' disesuaikan dengan konteks kalimat.,Contoh: penggunaan kata 'sangsi' disesuaikan dengan konteks kalimat.,Makna berlawanan dapat bergantung pada konteks dan ranah pemakaian.
87,pasti,mungkin,gradabel/kontekstual,umum,menengah,Pasangan 'pasti' dan 'mungkin' memiliki hubungan pertentangan makna dalam konteks umum.,Contoh: penggunaan kata 'pasti' disesuaikan dengan konteks kalimat.,Contoh: penggunaan kata 'mungkin' disesuaikan dengan konteks kalimat.,Makna berlawanan dapat bergantung pada konteks dan ranah pemakaian.
88,sering,jarang,gradabel/kontekstual,umum,menengah,Pasangan 'sering' dan 'jarang' memiliki hubungan pertentangan makna dalam konteks umum.,Contoh: penggunaan kata 'sering' disesuaikan dengan konteks kalimat.,Contoh: penggunaan kata 'jarang' disesuaikan dengan konteks kalimat.,Makna berlawanan dapat bergantung pada konteks dan ranah pemakaian.
89,selalu,kadang-kadang,gradabel/kontekstual,umum,menengah,Pasangan 'selalu' dan 'kadang-kadang' memiliki hubungan pertentangan makna dalam konteks umum.,Contoh: penggunaan kata 'selalu' disesuaikan dengan konteks kalimat.,Contoh: penggunaan kata 'kadang-kadang' disesuaikan dengan konteks kalimat.,Makna berlawanan dapat bergantung pada konteks dan ranah pemakaian.
90,semua,sebagian,gradabel/kontekstual,umum,menengah,Pasangan 'semua' dan 'sebagian' memiliki hubungan pertentangan makna dalam konteks umum.,Contoh: penggunaan kata 'semua' disesuaikan dengan konteks kalimat.,Contoh: penggunaan kata 'sebagian' disesuaikan dengan konteks kalimat.,Makna berlawanan dapat bergantung pada konteks dan ranah pemakaian.
91,umum,khusus,gradabel/kontekstual,umum,menengah,Pasangan 'umum' dan 'khusus' memiliki hubungan pertentangan makna dalam konteks umum.,Contoh: penggunaan kata 'umum' disesuaikan dengan konteks kalimat.,Contoh: penggunaan kata 'khusus' disesuaikan dengan konteks kalimat.,Makna berlawanan dapat bergantung pada konteks dan ranah pemakaian.
92,global,lokal,gradabel/kontekstual,umum,menengah,Pasangan 'global' dan 'lokal' memiliki hubungan pertentangan makna dalam konteks umum.,Contoh: penggunaan kata 'global' disesuaikan dengan konteks kalimat.,Contoh: penggunaan kata 'lokal' disesuaikan dengan konteks kalimat.,Makna berlawanan dapat bergantung pada konteks dan ranah pemakaian.
93,pusat,daerah,gradabel/kontekstual,umum,menengah,Pasangan 'pusat' dan 'daerah' memiliki hubungan pertentangan makna dalam konteks umum.,Contoh: penggunaan kata 'pusat' disesuaikan dengan konteks kalimat.,Contoh: penggunaan kata 'daerah' disesuaikan dengan konteks kalimat.,Makna berlawanan dapat bergantung pada konteks dan ranah pemakaian.
94,majikan,buruh,relasional,umum,menengah,Pasangan 'majikan' dan 'buruh' memiliki hubungan pertentangan makna dalam konteks umum.,Contoh: penggunaan kata 'majikan' disesuaikan dengan konteks kalimat.,Contoh: penggunaan kata 'buruh' disesuaikan dengan konteks kalimat.,Makna berlawanan dapat bergantung pada konteks dan ranah pemakaian.
95,guru,murid,relasional,umum,menengah,Pasangan 'guru' dan 'murid' memiliki hubungan pertentangan makna dalam konteks umum.,Contoh: penggunaan kata 'guru' disesuaikan dengan konteks kalimat.,Contoh: penggunaan kata 'murid' disesuaikan dengan konteks kalimat.,Makna berlawanan dapat bergantung pada konteks dan ranah pemakaian.
96,orang tua,anak,gradabel/kontekstual,umum,menengah,Pasangan 'orang tua' dan 'anak' memiliki hubungan pertentangan makna dalam konteks umum.,Contoh: penggunaan kata 'orang tua' disesuaikan dengan konteks kalimat.,Contoh: penggunaan kata 'anak' disesuaikan dengan konteks kalimat.,Makna berlawanan dapat bergantung pada konteks dan ranah pemakaian.
97,suami,istri,relasional,umum,menengah,Pasangan 'suami' dan 'istri' memiliki hubungan pertentangan makna dalam konteks umum.,Contoh: penggunaan kata 'suami' disesuaikan dengan konteks kalimat.,Contoh: penggunaan kata 'istri' disesuaikan dengan konteks kalimat.,Makna berlawanan dapat bergantung pada konteks dan ranah pemakaian.
98,kakak,adik,relasional,umum,menengah,Pasangan 'kakak' dan 'adik' memiliki hubungan pertentangan makna dalam konteks umum.,Contoh: penggunaan kata 'kakak' disesuaikan dengan konteks kalimat.,Contoh: penggunaan kata 'adik' disesuaikan dengan konteks kalimat.,Makna berlawanan dapat bergantung pada konteks dan ranah pemakaian.
99,pria,wanita,gradabel/kontekstual,umum,menengah,Pasangan 'pria' dan 'wanita' memiliki hubungan pertentangan makna dalam konteks umum.,Contoh: penggunaan kata 'pria' disesuaikan dengan konteks kalimat.,Contoh: penggunaan kata 'wanita' disesuaikan dengan konteks kalimat.,Makna berlawanan dapat bergantung pada konteks dan ranah pemakaian.
100,laki-laki,perempuan,gradabel/kontekstual,umum,menengah,Pasangan 'laki-laki' dan 'perempuan' memiliki hubungan pertentangan makna dalam konteks umum.,Contoh: penggunaan kata 'laki-laki' disesuaikan dengan konteks kalimat.,Contoh: penggunaan kata 'perempuan' disesuaikan dengan konteks kalimat.,Makna berlawanan dapat bergantung pada konteks dan ranah pemakaian.
101,jantan,betina,relasional,umum,menengah,Pasangan 'jantan' dan 'betina' memiliki hubungan pertentangan makna dalam konteks umum.,Contoh: penggunaan kata 'jantan' disesuaikan dengan konteks kalimat.,Contoh: penggunaan kata 'betina' disesuaikan dengan konteks kalimat.,Makna berlawanan dapat bergantung pada konteks dan ranah pemakaian.
102,tuan,hamba,gradabel/kontekstual,umum,menengah,Pasangan 'tuan' dan 'hamba' memiliki hubungan pertentangan makna dalam konteks umum.,Contoh: penggunaan kata 'tuan' disesuaikan dengan konteks kalimat.,Contoh: penggunaan kata 'hamba' disesuaikan dengan konteks kalimat.,Makna berlawanan dapat bergantung pada konteks dan ranah pemakaian.
103,darat,laut,gradabel/kontekstual,umum,menengah,Pasangan 'darat' dan 'laut' memiliki hubungan pertentangan makna dalam konteks umum.,Contoh: penggunaan kata 'darat' disesuaikan dengan konteks kalimat.,Contoh: penggunaan kata 'laut' disesuaikan dengan konteks kalimat.,Makna berlawanan dapat bergantung pada konteks dan ranah pemakaian.
104,udara,tanah,gradabel/kontekstual,umum,menengah,Pasangan 'udara' dan 'tanah' memiliki hubungan pertentangan makna dalam konteks umum.,Contoh: penggunaan kata 'udara' disesuaikan dengan konteks kalimat.,Contoh: penggunaan kata 'tanah' disesuaikan dengan konteks kalimat.,Makna berlawanan dapat bergantung pada konteks dan ranah pemakaian.
105,gunung,lembah,gradabel/kontekstual,umum,menengah,Pasangan 'gunung' dan 'lembah' memiliki hubungan pertentangan makna dalam konteks umum.,Contoh: penggunaan kata 'gunung' disesuaikan dengan konteks kalimat.,Contoh: penggunaan kata 'lembah' disesuaikan dengan konteks kalimat.,Makna berlawanan dapat bergantung pada konteks dan ranah pemakaian.
106,lahir,wafat,gradabel/kontekstual,umum,menengah,Pasangan 'lahir' dan 'wafat' memiliki hubungan pertentangan makna dalam konteks umum.,Contoh: penggunaan kata 'lahir' disesuaikan dengan konteks kalimat.,Contoh: penggunaan kata 'wafat' disesuaikan dengan konteks kalimat.,Makna berlawanan dapat bergantung pada konteks dan ranah pemakaian.
107,kawin,cerai,gradabel/kontekstual,umum,menengah,Pasangan 'kawin' dan 'cerai' memiliki hubungan pertentangan makna dalam konteks umum.,Contoh: penggunaan kata 'kawin' disesuaikan dengan konteks kalimat.,Contoh: penggunaan kata 'cerai' disesuaikan dengan konteks kalimat.,Makna berlawanan dapat bergantung pada konteks dan ranah pemakaian.
108,nikah,bujang,gradabel/kontekstual,umum,menengah,Pasangan 'nikah' dan 'bujang' memiliki hubungan pertentangan makna dalam konteks umum.,Contoh: penggunaan kata 'nikah' disesuaikan dengan konteks kalimat.,Contoh: penggunaan kata 'bujang' disesuaikan dengan konteks kalimat.,Makna berlawanan dapat bergantung pada konteks dan ranah pemakaian.
109,kaya,miskin,gradabel/kontekstual,umum,menengah,Pasangan 'kaya' dan 'miskin' memiliki hubungan pertentangan makna dalam konteks umum.,Contoh: penggunaan kata 'kaya' disesuaikan dengan konteks kalimat.,Contoh: penggunaan kata 'miskin' disesuaikan dengan konteks kalimat.,Makna berlawanan dapat bergantung pada konteks dan ranah pemakaian.
110,sukses,gagal,komplementer,umum,tinggi,Pasangan 'sukses' dan 'gagal' memiliki hubungan pertentangan makna dalam konteks umum.,Contoh: penggunaan kata 'sukses' disesuaikan dengan konteks kalimat.,Contoh: penggunaan kata 'gagal' disesuaikan dengan konteks kalimat.,Hubungan pertentangan makna relatif langsung.
111,juara,pecundang,gradabel/kontekstual,umum,menengah,Pasangan 'juara' dan 'pecundang' memiliki hubungan pertentangan makna dalam konteks umum.,Contoh: penggunaan kata 'juara' disesuaikan dengan konteks kalimat.,Contoh: penggunaan kata 'pecundang' disesuaikan dengan konteks kalimat.,Makna berlawanan dapat bergantung pada konteks dan ranah pemakaian.
112,aneh,normal,gradabel/kontekstual,umum,menengah,Pasangan 'aneh' dan 'normal' memiliki hubungan pertentangan makna dalam konteks umum.,Contoh: penggunaan kata 'aneh' disesuaikan dengan konteks kalimat.,Contoh: penggunaan kata 'normal' disesuaikan dengan konteks kalimat.,Makna berlawanan dapat bergantung pada konteks dan ranah pemakaian.
113,gratis,bayar,gradabel/kontekstual,umum,menengah,Pasangan 'gratis' dan 'bayar' memiliki hubungan pertentangan makna dalam konteks umum.,Contoh: penggunaan kata 'gratis' disesuaikan dengan konteks kalimat.,Contoh: penggunaan kata 'bayar' disesuaikan dengan konteks kalimat.,Makna berlawanan dapat bergantung pada konteks dan ranah pemakaian.
114,aset,liabilitas,gradabel/kontekstual,ekonomi,menengah,Pasangan 'aset' dan 'liabilitas' memiliki hubungan pertentangan makna dalam konteks ekonomi.,Contoh: penggunaan kata 'aset' disesuaikan dengan konteks kalimat.,Contoh: penggunaan kata 'liabilitas' disesuaikan dengan konteks kalimat.,Makna berlawanan dapat bergantung pada konteks dan ranah pemakaian.
115,modal,beban,gradabel/kontekstual,umum,menengah,Pasangan 'modal' dan 'beban' memiliki hubungan pertentangan makna dalam konteks umum.,Contoh: penggunaan kata 'modal' disesuaikan dengan konteks kalimat.,Contoh: penggunaan kata 'beban' disesuaikan dengan konteks kalimat.,Makna berlawanan dapat bergantung pada konteks dan ranah pemakaian.
116,pendapatan,pengeluaran,gradabel/kontekstual,ekonomi,menengah,Pasangan 'pendapatan' dan 'pengeluaran' memiliki hubungan pertentangan makna dalam konteks ekonomi.,Contoh: penggunaan kata 'pendapatan' disesuaikan dengan konteks kalimat.,Contoh: penggunaan kata 'pengeluaran' disesuaikan dengan konteks kalimat.,Makna berlawanan dapat bergantung pada konteks dan ranah pemakaian.
117,surplus,defisit,gradabel/kontekstual,ekonomi,menengah,Pasangan 'surplus' dan 'defisit' memiliki hubungan pertentangan makna dalam konteks ekonomi.,Contoh: penggunaan kata 'surplus' disesuaikan dengan konteks kalimat.,Contoh: penggunaan kata 'defisit' disesuaikan dengan konteks kalimat.,Makna berlawanan dapat bergantung pada konteks dan ranah pemakaian.
118,ekspor,impor,relasional,ekonomi,menengah,Pasangan 'ekspor' dan 'impor' memiliki hubungan pertentangan makna dalam konteks ekonomi.,Contoh: penggunaan kata 'ekspor' disesuaikan dengan konteks kalimat.,Contoh: penggunaan kata 'impor' disesuaikan dengan konteks kalimat.,Makna berlawanan dapat bergantung pada konteks dan ranah pemakaian.
119,produksi,konsumsi,gradabel/kontekstual,umum,menengah,Pasangan 'produksi' dan 'konsumsi' memiliki hubungan pertentangan makna dalam konteks umum.,Contoh: penggunaan kata 'produksi' disesuaikan dengan konteks kalimat.,Contoh: penggunaan kata 'konsumsi' disesuaikan dengan konteks kalimat.,Makna berlawanan dapat bergantung pada konteks dan ranah pemakaian.
120,penjual,pembeli,relasional,ekonomi,menengah,Pasangan 'penjual' dan 'pembeli' memiliki hubungan pertentangan makna dalam konteks ekonomi.,Contoh: penggunaan kata 'penjual' disesuaikan dengan konteks kalimat.,Contoh: penggunaan kata 'pembeli' disesuaikan dengan konteks kalimat.,Makna berlawanan dapat bergantung pada konteks dan ranah pemakaian.
121,pemilik,penyewa,relasional,umum,menengah,Pasangan 'pemilik' dan 'penyewa' memiliki hubungan pertentangan makna dalam konteks umum.,Contoh: penggunaan kata 'pemilik' disesuaikan dengan konteks kalimat.,Contoh: penggunaan kata 'penyewa' disesuaikan dengan konteks kalimat.,Makna berlawanan dapat bergantung pada konteks dan ranah pemakaian.
122,tuan rumah,tamu,relasional,umum,menengah,Pasangan 'tuan rumah' dan 'tamu' memiliki hubungan pertentangan makna dalam konteks umum.,Contoh: penggunaan kata 'tuan rumah' disesuaikan dengan konteks kalimat.,Contoh: penggunaan kata 'tamu' disesuaikan dengan konteks kalimat.,Makna berlawanan dapat bergantung pada konteks dan ranah pemakaian.
123,pemimpin,pengikut,relasional,umum,menengah,Pasangan 'pemimpin' dan 'pengikut' memiliki hubungan pertentangan makna dalam konteks umum.,Contoh: penggunaan kata 'pemimpin' disesuaikan dengan konteks kalimat.,Contoh: penggunaan kata 'pengikut' disesuaikan dengan konteks kalimat.,Makna berlawanan dapat bergantung pada konteks dan ranah pemakaian.
124,komandan,prajurit,relasional,umum,menengah,Pasangan 'komandan' dan 'prajurit' memiliki hubungan pertentangan makna dalam konteks umum.,Contoh: penggunaan kata 'komandan' disesuaikan dengan konteks kalimat.,Contoh: penggunaan kata 'prajurit' disesuaikan dengan konteks kalimat.,Makna berlawanan dapat bergantung pada konteks dan ranah pemakaian.
125,atasan,bawahan,relasional,umum,menengah,Pasangan 'atasan' dan 'bawahan' memiliki hubungan pertentangan makna dalam konteks umum.,Contoh: penggunaan kata 'atasan' disesuaikan dengan konteks kalimat.,Contoh: penggunaan kata 'bawahan' disesuaikan dengan konteks kalimat.,Makna berlawanan dapat bergantung pada konteks dan ranah pemakaian.
126,senior,yunior,gradabel/kontekstual,umum,menengah,Pasangan 'senior' dan 'yunior' memiliki hubungan pertentangan makna dalam konteks umum.,Contoh: penggunaan kata 'senior' disesuaikan dengan konteks kalimat.,Contoh: penggunaan kata 'yunior' disesuaikan dengan konteks kalimat.,Makna berlawanan dapat bergantung pada konteks dan ranah pemakaian.
127,pemula,ahli,gradabel/kontekstual,umum,menengah,Pasangan 'pemula' dan 'ahli' memiliki hubungan pertentangan makna dalam konteks umum.,Contoh: penggunaan kata 'pemula' disesuaikan dengan konteks kalimat.,Contoh: penggunaan kata 'ahli' disesuaikan dengan konteks kalimat.,Makna berlawanan dapat bergantung pada konteks dan ranah pemakaian.
128,amatir,profesional,gradabel/kontekstual,umum,menengah,Pasangan 'amatir' dan 'profesional' memiliki hubungan pertentangan makna dalam konteks umum.,Contoh: penggunaan kata 'amatir' disesuaikan dengan konteks kalimat.,Contoh: penggunaan kata 'profesional' disesuaikan dengan konteks kalimat.,Makna berlawanan dapat bergantung pada konteks dan ranah pemakaian.
129,teori,praktik,gradabel/kontekstual,umum,menengah,Pasangan 'teori' dan 'praktik' memiliki hubungan pertentangan makna dalam konteks umum.,Contoh: penggunaan kata 'teori' disesuaikan dengan konteks kalimat.,Contoh: penggunaan kata 'praktik' disesuaikan dengan konteks kalimat.,Makna berlawanan dapat bergantung pada konteks dan ranah pemakaian.
130,fakta,fiksi,gradabel/kontekstual,bahasa dan penelitian,menengah,Pasangan 'fakta' dan 'fiksi' memiliki hubungan pertentangan makna dalam konteks bahasa dan penelitian.,Contoh: penggunaan kata 'fakta' disesuaikan dengan konteks kalimat.,Contoh: penggunaan kata 'fiksi' disesuaikan dengan konteks kalimat.,Makna berlawanan dapat bergantung pada konteks dan ranah pemakaian.
131,nyata,maya,gradabel/kontekstual,umum,menengah,Pasangan 'nyata' dan 'maya' memiliki hubungan pertentangan makna dalam konteks umum.,Contoh: penggunaan kata 'nyata' disesuaikan dengan konteks kalimat.,Contoh: penggunaan kata 'maya' disesuaikan dengan konteks kalimat.,Makna berlawanan dapat bergantung pada konteks dan ranah pemakaian.
132,asli,tiruan,gradabel/kontekstual,umum,menengah,Pasangan 'asli' dan 'tiruan' memiliki hubungan pertentangan makna dalam konteks umum.,Contoh: penggunaan kata 'asli' disesuaikan dengan konteks kalimat.,Contoh: penggunaan kata 'tiruan' disesuaikan dengan konteks kalimat.,Makna berlawanan dapat bergantung pada konteks dan ranah pemakaian.
133,pagi,petang,gradabel/kontekstual,umum,menengah,Pasangan 'pagi' dan 'petang' memiliki hubungan pertentangan makna dalam konteks umum.,Contoh: penggunaan kata 'pagi' disesuaikan dengan konteks kalimat.,Contoh: penggunaan kata 'petang' disesuaikan dengan konteks kalimat.,Makna berlawanan dapat bergantung pada konteks dan ranah pemakaian.
134,senja,fajar,gradabel/kontekstual,umum,menengah,Pasangan 'senja' dan 'fajar' memiliki hubungan pertentangan makna dalam konteks umum.,Contoh: penggunaan kata 'senja' disesuaikan dengan konteks kalimat.,Contoh: penggunaan kata 'fajar' disesuaikan dengan konteks kalimat.,Makna berlawanan dapat bergantung pada konteks dan ranah pemakaian.
135,langit,bumi,gradabel/kontekstual,umum,menengah,Pasangan 'langit' dan 'bumi' memiliki hubungan pertentangan makna dalam konteks umum.,Contoh: penggunaan kata 'langit' disesuaikan dengan konteks kalimat.,Contoh: penggunaan kata 'bumi' disesuaikan dengan konteks kalimat.,Makna berlawanan dapat bergantung pada konteks dan ranah pemakaian.
136,dunia,akhirat,gradabel/kontekstual,umum,menengah,Pasangan 'dunia' dan 'akhirat' memiliki hubungan pertentangan makna dalam konteks umum.,Contoh: penggunaan kata 'dunia' disesuaikan dengan konteks kalimat.,Contoh: penggunaan kata 'akhirat' disesuaikan dengan konteks kalimat.,Makna berlawanan dapat bergantung pada konteks dan ranah pemakaian.
137,jasmani,rohani,gradabel/kontekstual,umum,menengah,Pasangan 'jasmani' dan 'rohani' memiliki hubungan pertentangan makna dalam konteks umum.,Contoh: penggunaan kata 'jasmani' disesuaikan dengan konteks kalimat.,Contoh: penggunaan kata 'rohani' disesuaikan dengan konteks kalimat.,Makna berlawanan dapat bergantung pada konteks dan ranah pemakaian.
138,lahir,batin,gradabel/kontekstual,umum,menengah,Pasangan 'lahir' dan 'batin' memiliki hubungan pertentangan makna dalam konteks umum.,Contoh: penggunaan kata 'lahir' disesuaikan dengan konteks kalimat.,Contoh: penggunaan kata 'batin' disesuaikan dengan konteks kalimat.,Makna berlawanan dapat bergantung pada konteks dan ranah pemakaian.
139,cinta,benci,gradabel/kontekstual,umum,menengah,Pasangan 'cinta' dan 'benci' memiliki hubungan pertentangan makna dalam konteks umum.,Contoh: penggunaan kata 'cinta' disesuaikan dengan konteks kalimat.,Contoh: penggunaan kata 'benci' disesuaikan dengan konteks kalimat.,Makna berlawanan dapat bergantung pada konteks dan ranah pemakaian.
140,suka,duka,gradabel/kontekstual,umum,menengah,Pasangan 'suka' dan 'duka' memiliki hubungan pertentangan makna dalam konteks umum.,Contoh: penggunaan kata 'suka' disesuaikan dengan konteks kalimat.,Contoh: penggunaan kata 'duka' disesuaikan dengan konteks kalimat.,Makna berlawanan dapat bergantung pada konteks dan ranah pemakaian.
141,tawa,tangis,gradabel/kontekstual,umum,menengah,Pasangan 'tawa' dan 'tangis' memiliki hubungan pertentangan makna dalam konteks umum.,Contoh: penggunaan kata 'tawa' disesuaikan dengan konteks kalimat.,Contoh: penggunaan kata 'tangis' disesuaikan dengan konteks kalimat.,Makna berlawanan dapat bergantung pada konteks dan ranah pemakaian.
142,senyum,cemberut,gradabel/kontekstual,umum,menengah,Pasangan 'senyum' dan 'cemberut' memiliki hubungan pertentangan makna dalam konteks umum.,Contoh: penggunaan kata 'senyum' disesuaikan dengan konteks kalimat.,Contoh: penggunaan kata 'cemberut' disesuaikan dengan konteks kalimat.,Makna berlawanan dapat bergantung pada konteks dan ranah pemakaian.
143,bangga,malu,gradabel/kontekstual,umum,menengah,Pasangan 'bangga' dan 'malu' memiliki hubungan pertentangan makna dalam konteks umum.,Contoh: penggunaan kata 'bangga' disesuaikan dengan konteks kalimat.,Contoh: penggunaan kata 'malu' disesuaikan dengan konteks kalimat.,Makna berlawanan dapat bergantung pada konteks dan ranah pemakaian.
144,hormat,hina,gradabel/kontekstual,umum,menengah,Pasangan 'hormat' dan 'hina' memiliki hubungan pertentangan makna dalam konteks umum.,Contoh: penggunaan kata 'hormat' disesuaikan dengan konteks kalimat.,Contoh: penggunaan kata 'hina' disesuaikan dengan konteks kalimat.,Makna berlawanan dapat bergantung pada konteks dan ranah pemakaian.
145,mulia,nista,gradabel/kontekstual,umum,menengah,Pasangan 'mulia' dan 'nista' memiliki hubungan pertentangan makna dalam konteks umum.,Contoh: penggunaan kata 'mulia' disesuaikan dengan konteks kalimat.,Contoh: penggunaan kata 'nista' disesuaikan dengan konteks kalimat.,Makna berlawanan dapat bergantung pada konteks dan ranah pemakaian.
146,indah,jelek,gradabel/kontekstual,umum,menengah,Pasangan 'indah' dan 'jelek' memiliki hubungan pertentangan makna dalam konteks umum.,Contoh: penggunaan kata 'indah' disesuaikan dengan konteks kalimat.,Contoh: penggunaan kata 'jelek' disesuaikan dengan konteks kalimat.,Makna berlawanan dapat bergantung pada konteks dan ranah pemakaian.
147,bagus,buruk,gradabel/kontekstual,umum,menengah,Pasangan 'bagus' dan 'buruk' memiliki hubungan pertentangan makna dalam konteks umum.,Contoh: penggunaan kata 'bagus' disesuaikan dengan konteks kalimat.,Contoh: penggunaan kata 'buruk' disesuaikan dengan konteks kalimat.,Makna berlawanan dapat bergantung pada konteks dan ranah pemakaian.
148,pintar,tolol,gradabel/kontekstual,umum,menengah,Pasangan 'pintar' dan 'tolol' memiliki hubungan pertentangan makna dalam konteks umum.,Contoh: penggunaan kata 'pintar' disesuaikan dengan konteks kalimat.,Contoh: penggunaan kata 'tolol' disesuaikan dengan konteks kalimat.,Makna berlawanan dapat bergantung pada konteks dan ranah pemakaian.
149,cerdas,dungu,gradabel/kontekstual,umum,menengah,Pasangan 'cerdas' dan 'dungu' memiliki hubungan pertentangan makna dalam konteks umum.,Contoh: penggunaan kata 'cerdas' disesuaikan dengan konteks kalimat.,Contoh: penggunaan kata 'dungu' disesuaikan dengan konteks kalimat.,Makna berlawanan dapat bergantung pada konteks dan ranah pemakaian.
150,tangkas,lamban,gradabel/kontekstual,umum,menengah,Pasangan 'tangkas' dan 'lamban' memiliki hubungan pertentangan makna dalam konteks umum.,Contoh: penggunaan kata 'tangkas' disesuaikan dengan konteks kalimat.,Contoh: penggunaan kata 'lamban' disesuaikan dengan konteks kalimat.,Makna berlawanan dapat bergantung pada konteks dan ranah pemakaian.
151,rajin,lalai,gradabel/kontekstual,umum,menengah,Pasangan 'rajin' dan 'lalai' memiliki hubungan pertentangan makna dalam konteks umum.,Contoh: penggunaan kata 'rajin' disesuaikan dengan konteks kalimat.,Contoh: penggunaan kata 'lalai' disesuaikan dengan konteks kalimat.,Makna berlawanan dapat bergantung pada konteks dan ranah pemakaian.
152,teliti,ceroboh,gradabel/kontekstual,umum,menengah,Pasangan 'teliti' dan 'ceroboh' memiliki hubungan pertentangan makna dalam konteks umum.,Contoh: penggunaan kata 'teliti' disesuaikan dengan konteks kalimat.,Contoh: penggunaan kata 'ceroboh' disesuaikan dengan konteks kalimat.,Makna berlawanan dapat bergantung pada konteks dan ranah pemakaian.
153,waspada,lengah,gradabel/kontekstual,umum,menengah,Pasangan 'waspada' dan 'lengah' memiliki hubungan pertentangan makna dalam konteks umum.,Contoh: penggunaan kata 'waspada' disesuaikan dengan konteks kalimat.,Contoh: penggunaan kata 'lengah' disesuaikan dengan konteks kalimat.,Makna berlawanan dapat bergantung pada konteks dan ranah pemakaian.
154,hati-hati,sembrono,gradabel/kontekstual,umum,menengah,Pasangan 'hati-hati' dan 'sembrono' memiliki hubungan pertentangan makna dalam konteks umum.,Contoh: penggunaan kata 'hati-hati' disesuaikan dengan konteks kalimat.,Contoh: penggunaan kata 'sembrono' disesuaikan dengan konteks kalimat.,Makna berlawanan dapat bergantung pada konteks dan ranah pemakaian.
155,sabar,gusar,gradabel/kontekstual,umum,menengah,Pasangan 'sabar' dan 'gusar' memiliki hubungan pertentangan makna dalam konteks umum.,Contoh: penggunaan kata 'sabar' disesuaikan dengan konteks kalimat.,Contoh: penggunaan kata 'gusar' disesuaikan dengan konteks kalimat.,Makna berlawanan dapat bergantung pada konteks dan ranah pemakaian.
156,tenang,gelisah,gradabel/kontekstual,hukum,menengah,Pasangan 'tenang' dan 'gelisah' memiliki hubungan pertentangan makna dalam konteks hukum.,Contoh: penggunaan kata 'tenang' disesuaikan dengan konteks kalimat.,Contoh: penggunaan kata 'gelisah' disesuaikan dengan konteks kalimat.,Makna berlawanan dapat bergantung pada konteks dan ranah pemakaian.
157,damai,perang,gradabel/kontekstual,umum,menengah,Pasangan 'damai' dan 'perang' memiliki hubungan pertentangan makna dalam konteks umum.,Contoh: penggunaan kata 'damai' disesuaikan dengan konteks kalimat.,Contoh: penggunaan kata 'perang' disesuaikan dengan konteks kalimat.,Makna berlawanan dapat bergantung pada konteks dan ranah pemakaian.
158,rukun,tengkar,gradabel/kontekstual,umum,menengah,Pasangan 'rukun' dan 'tengkar' memiliki hubungan pertentangan makna dalam konteks umum.,Contoh: penggunaan kata 'rukun' disesuaikan dengan konteks kalimat.,Contoh: penggunaan kata 'tengkar' disesuaikan dengan konteks kalimat.,Makna berlawanan dapat bergantung pada konteks dan ranah pemakaian.
159,bersatu,cerai,gradabel/kontekstual,umum,menengah,Pasangan 'bersatu' dan 'cerai' memiliki hubungan pertentangan makna dalam konteks umum.,Contoh: penggunaan kata 'bersatu' disesuaikan dengan konteks kalimat.,Contoh: penggunaan kata 'cerai' disesuaikan dengan konteks kalimat.,Makna berlawanan dapat bergantung pada konteks dan ranah pemakaian.
160,kokoh,rapuh,gradabel/kontekstual,umum,menengah,Pasangan 'kokoh' dan 'rapuh' memiliki hubungan pertentangan makna dalam konteks umum.,Contoh: penggunaan kata 'kokoh' disesuaikan dengan konteks kalimat.,Contoh: penggunaan kata 'rapuh' disesuaikan dengan konteks kalimat.,Makna berlawanan dapat bergantung pada konteks dan ranah pemakaian.
161,kuat,goyah,gradabel/kontekstual,umum,menengah,Pasangan 'kuat' dan 'goyah' memiliki hubungan pertentangan makna dalam konteks umum.,Contoh: penggunaan kata 'kuat' disesuaikan dengan konteks kalimat.,Contoh: penggunaan kata 'goyah' disesuaikan dengan konteks kalimat.,Makna berlawanan dapat bergantung pada konteks dan ranah pemakaian.
162,tegar,lemah,gradabel/kontekstual,umum,menengah,Pasangan 'tegar' dan 'lemah' memiliki hubungan pertentangan makna dalam konteks umum.,Contoh: penggunaan kata 'tegar' disesuaikan dengan konteks kalimat.,Contoh: penggunaan kata 'lemah' disesuaikan dengan konteks kalimat.,Makna berlawanan dapat bergantung pada konteks dan ranah pemakaian.
163,berani,kecut,gradabel/kontekstual,umum,menengah,Pasangan 'berani' dan 'kecut' memiliki hubungan pertentangan makna dalam konteks umum.,Contoh: penggunaan kata 'berani' disesuaikan dengan konteks kalimat.,Contoh: penggunaan kata 'kecut' disesuaikan dengan konteks kalimat.,Makna berlawanan dapat bergantung pada konteks dan ranah pemakaian.
164,pemberani,penakut,gradabel/kontekstual,umum,menengah,Pasangan 'pemberani' dan 'penakut' memiliki hubungan pertentangan makna dalam konteks umum.,Contoh: penggunaan kata 'pemberani' disesuaikan dengan konteks kalimat.,Contoh: penggunaan kata 'penakut' disesuaikan dengan konteks kalimat.,Makna berlawanan dapat bergantung pada konteks dan ranah pemakaian.
165,setia,ingkar,gradabel/kontekstual,umum,menengah,Pasangan 'setia' dan 'ingkar' memiliki hubungan pertentangan makna dalam konteks umum.,Contoh: penggunaan kata 'setia' disesuaikan dengan konteks kalimat.,Contoh: penggunaan kata 'ingkar' disesuaikan dengan konteks kalimat.,Makna berlawanan dapat bergantung pada konteks dan ranah pemakaian.
166,jujur,curang,gradabel/kontekstual,umum,menengah,Pasangan 'jujur' dan 'curang' memiliki hubungan pertentangan makna dalam konteks umum.,Contoh: penggunaan kata 'jujur' disesuaikan dengan konteks kalimat.,Contoh: penggunaan kata 'curang' disesuaikan dengan konteks kalimat.,Makna berlawanan dapat bergantung pada konteks dan ranah pemakaian.
167,adil,zalim,gradabel/kontekstual,hukum,menengah,Pasangan 'adil' dan 'zalim' memiliki hubungan pertentangan makna dalam konteks hukum.,Contoh: penggunaan kata 'adil' disesuaikan dengan konteks kalimat.,Contoh: penggunaan kata 'zalim' disesuaikan dengan konteks kalimat.,Makna berlawanan dapat bergantung pada konteks dan ranah pemakaian.
168,benar,keliru,gradabel/kontekstual,umum,menengah,Pasangan 'benar' dan 'keliru' memiliki hubungan pertentangan makna dalam konteks umum.,Contoh: penggunaan kata 'benar' disesuaikan dengan konteks kalimat.,Contoh: penggunaan kata 'keliru' disesuaikan dengan konteks kalimat.,Makna berlawanan dapat bergantung pada konteks dan ranah pemakaian.
169,tepat,meleset,gradabel/kontekstual,umum,menengah,Pasangan 'tepat' dan 'meleset' memiliki hubungan pertentangan makna dalam konteks umum.,Contoh: penggunaan kata 'tepat' disesuaikan dengan konteks kalimat.,Contoh: penggunaan kata 'meleset' disesuaikan dengan konteks kalimat.,Makna berlawanan dapat bergantung pada konteks dan ranah pemakaian.
170,cepat,lelet,gradabel/kontekstual,umum,menengah,Pasangan 'cepat' dan 'lelet' memiliki hubungan pertentangan makna dalam konteks umum.,Contoh: penggunaan kata 'cepat' disesuaikan dengan konteks kalimat.,Contoh: penggunaan kata 'lelet' disesuaikan dengan konteks kalimat.,Makna berlawanan dapat bergantung pada konteks dan ranah pemakaian.
171,gesit,lambat,gradabel/kontekstual,umum,menengah,Pasangan 'gesit' dan 'lambat' memiliki hubungan pertentangan makna dalam konteks umum.,Contoh: penggunaan kata 'gesit' disesuaikan dengan konteks kalimat.,Contoh: penggunaan kata 'lambat' disesuaikan dengan konteks kalimat.,Makna berlawanan dapat bergantung pada konteks dan ranah pemakaian.
172,lincah,kaku,gradabel/kontekstual,umum,menengah,Pasangan 'lincah' dan 'kaku' memiliki hubungan pertentangan makna dalam konteks umum.,Contoh: penggunaan kata 'lincah' disesuaikan dengan konteks kalimat.,Contoh: penggunaan kata 'kaku' disesuaikan dengan konteks kalimat.,Makna berlawanan dapat bergantung pada konteks dan ranah pemakaian.
173,luwes,canggung,gradabel/kontekstual,umum,menengah,Pasangan 'luwes' dan 'canggung' memiliki hubungan pertentangan makna dalam konteks umum.,Contoh: penggunaan kata 'luwes' disesuaikan dengan konteks kalimat.,Contoh: penggunaan kata 'canggung' disesuaikan dengan konteks kalimat.,Makna berlawanan dapat bergantung pada konteks dan ranah pemakaian.
174,ramah,angkuh,gradabel/kontekstual,umum,menengah,Pasangan 'ramah' dan 'angkuh' memiliki hubungan pertentangan makna dalam konteks umum.,Contoh: penggunaan kata 'ramah' disesuaikan dengan konteks kalimat.,Contoh: penggunaan kata 'angkuh' disesuaikan dengan konteks kalimat.,Makna berlawanan dapat bergantung pada konteks dan ranah pemakaian.
175,sopan,biadab,gradabel/kontekstual,umum,menengah,Pasangan 'sopan' dan 'biadab' memiliki hubungan pertentangan makna dalam konteks umum.,Contoh: penggunaan kata 'sopan' disesuaikan dengan konteks kalimat.,Contoh: penggunaan kata 'biadab' disesuaikan dengan konteks kalimat.,Makna berlawanan dapat bergantung pada konteks dan ranah pemakaian.
176,taat,melawan,gradabel/kontekstual,umum,menengah,Pasangan 'taat' dan 'melawan' memiliki hubungan pertentangan makna dalam konteks umum.,Contoh: penggunaan kata 'taat' disesuaikan dengan konteks kalimat.,Contoh: penggunaan kata 'melawan' disesuaikan dengan konteks kalimat.,Makna berlawanan dapat bergantung pada konteks dan ranah pemakaian.
177,patuh,ingkar,gradabel/kontekstual,umum,menengah,Pasangan 'patuh' dan 'ingkar' memiliki hubungan pertentangan makna dalam konteks umum.,Contoh: penggunaan kata 'patuh' disesuaikan dengan konteks kalimat.,Contoh: penggunaan kata 'ingkar' disesuaikan dengan konteks kalimat.,Makna berlawanan dapat bergantung pada konteks dan ranah pemakaian.
178,tertib,kacau,gradabel/kontekstual,umum,menengah,Pasangan 'tertib' dan 'kacau' memiliki hubungan pertentangan makna dalam konteks umum.,Contoh: penggunaan kata 'tertib' disesuaikan dengan konteks kalimat.,Contoh: penggunaan kata 'kacau' disesuaikan dengan konteks kalimat.,Makna berlawanan dapat bergantung pada konteks dan ranah pemakaian.
179,bersih,dekil,gradabel/kontekstual,umum,menengah,Pasangan 'bersih' dan 'dekil' memiliki hubungan pertentangan makna dalam konteks umum.,Contoh: penggunaan kata 'bersih' disesuaikan dengan konteks kalimat.,Contoh: penggunaan kata 'dekil' disesuaikan dengan konteks kalimat.,Makna berlawanan dapat bergantung pada konteks dan ranah pemakaian.
180,wangi,apek,gradabel/kontekstual,umum,menengah,Pasangan 'wangi' dan 'apek' memiliki hubungan pertentangan makna dalam konteks umum.,Contoh: penggunaan kata 'wangi' disesuaikan dengan konteks kalimat.,Contoh: penggunaan kata 'apek' disesuaikan dengan konteks kalimat.,Makna berlawanan dapat bergantung pada konteks dan ranah pemakaian.
181,segar,layu,gradabel/kontekstual,umum,menengah,Pasangan 'segar' dan 'layu' memiliki hubungan pertentangan makna dalam konteks umum.,Contoh: penggunaan kata 'segar' disesuaikan dengan konteks kalimat.,Contoh: penggunaan kata 'layu' disesuaikan dengan konteks kalimat.,Makna berlawanan dapat bergantung pada konteks dan ranah pemakaian.
182,mekar,kuncup,gradabel/kontekstual,umum,menengah,Pasangan 'mekar' dan 'kuncup' memiliki hubungan pertentangan makna dalam konteks umum.,Contoh: penggunaan kata 'mekar' disesuaikan dengan konteks kalimat.,Contoh: penggunaan kata 'kuncup' disesuaikan dengan konteks kalimat.,Makna berlawanan dapat bergantung pada konteks dan ranah pemakaian.
183,tumbuh,mati,komplementer,umum,tinggi,Pasangan 'tumbuh' dan 'mati' memiliki hubungan pertentangan makna dalam konteks umum.,Contoh: penggunaan kata 'tumbuh' disesuaikan dengan konteks kalimat.,Contoh: penggunaan kata 'mati' disesuaikan dengan konteks kalimat.,Hubungan pertentangan makna relatif langsung.
184,bangun,roboh,gradabel/kontekstual,umum,menengah,Pasangan 'bangun' dan 'roboh' memiliki hubungan pertentangan makna dalam konteks umum.,Contoh: penggunaan kata 'bangun' disesuaikan dengan konteks kalimat.,Contoh: penggunaan kata 'roboh' disesuaikan dengan konteks kalimat.,Makna berlawanan dapat bergantung pada konteks dan ranah pemakaian.
185,datar,curam,gradabel/kontekstual,umum,menengah,Pasangan 'datar' dan 'curam' memiliki hubungan pertentangan makna dalam konteks umum.,Contoh: penggunaan kata 'datar' disesuaikan dengan konteks kalimat.,Contoh: penggunaan kata 'curam' disesuaikan dengan konteks kalimat.,Makna berlawanan dapat bergantung pada konteks dan ranah pemakaian.
186,landai,terjal,gradabel/kontekstual,umum,menengah,Pasangan 'landai' dan 'terjal' memiliki hubungan pertentangan makna dalam konteks umum.,Contoh: penggunaan kata 'landai' disesuaikan dengan konteks kalimat.,Contoh: penggunaan kata 'terjal' disesuaikan dengan konteks kalimat.,Makna berlawanan dapat bergantung pada konteks dan ranah pemakaian.
187,dalam,dangkal,gradabel/kontekstual,umum,menengah,Pasangan 'dalam' dan 'dangkal' memiliki hubungan pertentangan makna dalam konteks umum.,Contoh: penggunaan kata 'dalam' disesuaikan dengan konteks kalimat.,Contoh: penggunaan kata 'dangkal' disesuaikan dengan konteks kalimat.,Makna berlawanan dapat bergantung pada konteks dan ranah pemakaian.
188,besar,mungil,gradabel/kontekstual,umum,menengah,Pasangan 'besar' dan 'mungil' memiliki hubungan pertentangan makna dalam konteks umum.,Contoh: penggunaan kata 'besar' disesuaikan dengan konteks kalimat.,Contoh: penggunaan kata 'mungil' disesuaikan dengan konteks kalimat.,Makna berlawanan dapat bergantung pada konteks dan ranah pemakaian.
189,raksasa,kerdil,gradabel/kontekstual,umum,menengah,Pasangan 'raksasa' dan 'kerdil' memiliki hubungan pertentangan makna dalam konteks umum.,Contoh: penggunaan kata 'raksasa' disesuaikan dengan konteks kalimat.,Contoh: penggunaan kata 'kerdil' disesuaikan dengan konteks kalimat.,Makna berlawanan dapat bergantung pada konteks dan ranah pemakaian.
190,gemuk,kerempeng,gradabel/kontekstual,umum,menengah,Pasangan 'gemuk' dan 'kerempeng' memiliki hubungan pertentangan makna dalam konteks umum.,Contoh: penggunaan kata 'gemuk' disesuaikan dengan konteks kalimat.,Contoh: penggunaan kata 'kerempeng' disesuaikan dengan konteks kalimat.,Makna berlawanan dapat bergantung pada konteks dan ranah pemakaian.
191,kuat,lunglai,gradabel/kontekstual,umum,menengah,Pasangan 'kuat' dan 'lunglai' memiliki hubungan pertentangan makna dalam konteks umum.,Contoh: penggunaan kata 'kuat' disesuaikan dengan konteks kalimat.,Contoh: penggunaan kata 'lunglai' disesuaikan dengan konteks kalimat.,Makna berlawanan dapat bergantung pada konteks dan ranah pemakaian.
192,berani,gentar,gradabel/kontekstual,umum,menengah,Pasangan 'berani' dan 'gentar' memiliki hubungan pertentangan makna dalam konteks umum.,Contoh: penggunaan kata 'berani' disesuaikan dengan konteks kalimat.,Contoh: penggunaan kata 'gentar' disesuaikan dengan konteks kalimat.,Makna berlawanan dapat bergantung pada konteks dan ranah pemakaian.
193,yakin,bimbang,gradabel/kontekstual,umum,menengah,Pasangan 'yakin' dan 'bimbang' memiliki hubungan pertentangan makna dalam konteks umum.,Contoh: penggunaan kata 'yakin' disesuaikan dengan konteks kalimat.,Contoh: penggunaan kata 'bimbang' disesuaikan dengan konteks kalimat.,Makna berlawanan dapat bergantung pada konteks dan ranah pemakaian.
194,tegas,ragu,gradabel/kontekstual,umum,menengah,Pasangan 'tegas' dan 'ragu' memiliki hubungan pertentangan makna dalam konteks umum.,Contoh: penggunaan kata 'tegas' disesuaikan dengan konteks kalimat.,Contoh: penggunaan kata 'ragu' disesuaikan dengan konteks kalimat.,Makna berlawanan dapat bergantung pada konteks dan ranah pemakaian.
195,lancar,tersendat,gradabel/kontekstual,umum,menengah,Pasangan 'lancar' dan 'tersendat' memiliki hubungan pertentangan makna dalam konteks umum.,Contoh: penggunaan kata 'lancar' disesuaikan dengan konteks kalimat.,Contoh: penggunaan kata 'tersendat' disesuaikan dengan konteks kalimat.,Makna berlawanan dapat bergantung pada konteks dan ranah pemakaian.
196,fasih,gagap,gradabel/kontekstual,umum,menengah,Pasangan 'fasih' dan 'gagap' memiliki hubungan pertentangan makna dalam konteks umum.,Contoh: penggunaan kata 'fasih' disesuaikan dengan konteks kalimat.,Contoh: penggunaan kata 'gagap' disesuaikan dengan konteks kalimat.,Makna berlawanan dapat bergantung pada konteks dan ranah pemakaian.
197,jelas,samar,gradabel/kontekstual,umum,menengah,Pasangan 'jelas' dan 'samar' memiliki hubungan pertentangan makna dalam konteks umum.,Contoh: penggunaan kata 'jelas' disesuaikan dengan konteks kalimat.,Contoh: penggunaan kata 'samar' disesuaikan dengan konteks kalimat.,Makna berlawanan dapat bergantung pada konteks dan ranah pemakaian.
198,terang,remang,gradabel/kontekstual,umum,menengah,Pasangan 'terang' dan 'remang' memiliki hubungan pertentangan makna dalam konteks umum.,Contoh: penggunaan kata 'terang' disesuaikan dengan konteks kalimat.,Contoh: penggunaan kata 'remang' disesuaikan dengan konteks kalimat.,Makna berlawanan dapat bergantung pada konteks dan ranah pemakaian.
199,nyata,gaib,gradabel/kontekstual,umum,menengah,Pasangan 'nyata' dan 'gaib' memiliki hubungan pertentangan makna dalam konteks umum.,Contoh: penggunaan kata 'nyata' disesuaikan dengan konteks kalimat.,Contoh: penggunaan kata 'gaib' disesuaikan dengan konteks kalimat.,Makna berlawanan dapat bergantung pada konteks dan ranah pemakaian.
200,tulen,tiruan,gradabel/kontekstual,umum,menengah,Pasangan 'tulen' dan 'tiruan' memiliki hubungan pertentangan makna dalam konteks umum.,Contoh: penggunaan kata 'tulen' disesuaikan dengan konteks kalimat.,Contoh: penggunaan kata 'tiruan' disesuaikan dengan konteks kalimat.,Makna berlawanan dapat bergantung pada konteks dan ranah pemakaian.
201,murni,campuran,gradabel/kontekstual,umum,menengah,Pasangan 'murni' dan 'campuran' memiliki hubungan pertentangan makna dalam konteks umum.,Contoh: penggunaan kata 'murni' disesuaikan dengan konteks kalimat.,Contoh: penggunaan kata 'campuran' disesuaikan dengan konteks kalimat.,Makna berlawanan dapat bergantung pada konteks dan ranah pemakaian.
202,jernih,keruh,gradabel/kontekstual,umum,menengah,Pasangan 'jernih' dan 'keruh' memiliki hubungan pertentangan makna dalam konteks umum.,Contoh: penggunaan kata 'jernih' disesuaikan dengan konteks kalimat.,Contoh: penggunaan kata 'keruh' disesuaikan dengan konteks kalimat.,Makna berlawanan dapat bergantung pada konteks dan ranah pemakaian.
203,bening,butek,gradabel/kontekstual,umum,menengah,Pasangan 'bening' dan 'butek' memiliki hubungan pertentangan makna dalam konteks umum.,Contoh: penggunaan kata 'bening' disesuaikan dengan konteks kalimat.,Contoh: penggunaan kata 'butek' disesuaikan dengan konteks kalimat.,Makna berlawanan dapat bergantung pada konteks dan ranah pemakaian.
204,rapat,renggang,gradabel/kontekstual,umum,menengah,Pasangan 'rapat' dan 'renggang' memiliki hubungan pertentangan makna dalam konteks umum.,Contoh: penggunaan kata 'rapat' disesuaikan dengan konteks kalimat.,Contoh: penggunaan kata 'renggang' disesuaikan dengan konteks kalimat.,Makna berlawanan dapat bergantung pada konteks dan ranah pemakaian.
205,akrab,asing,gradabel/kontekstual,umum,menengah,Pasangan 'akrab' dan 'asing' memiliki hubungan pertentangan makna dalam konteks umum.,Contoh: penggunaan kata 'akrab' disesuaikan dengan konteks kalimat.,Contoh: penggunaan kata 'asing' disesuaikan dengan konteks kalimat.,Makna berlawanan dapat bergantung pada konteks dan ranah pemakaian.
206,sahabat,musuh,gradabel/kontekstual,hukum,menengah,Pasangan 'sahabat' dan 'musuh' memiliki hubungan pertentangan makna dalam konteks hukum.,Contoh: penggunaan kata 'sahabat' disesuaikan dengan konteks kalimat.,Contoh: penggunaan kata 'musuh' disesuaikan dengan konteks kalimat.,Makna berlawanan dapat bergantung pada konteks dan ranah pemakaian.
207,kawan,lawan,gradabel/kontekstual,umum,menengah,Pasangan 'kawan' dan 'lawan' memiliki hubungan pertentangan makna dalam konteks umum.,Contoh: penggunaan kata 'kawan' disesuaikan dengan konteks kalimat.,Contoh: penggunaan kata 'lawan' disesuaikan dengan konteks kalimat.,Makna berlawanan dapat bergantung pada konteks dan ranah pemakaian.
208,mitra,kompetitor,gradabel/kontekstual,umum,menengah,Pasangan 'mitra' dan 'kompetitor' memiliki hubungan pertentangan makna dalam konteks umum.,Contoh: penggunaan kata 'mitra' disesuaikan dengan konteks kalimat.,Contoh: penggunaan kata 'kompetitor' disesuaikan dengan konteks kalimat.,Makna berlawanan dapat bergantung pada konteks dan ranah pemakaian.
209,positif,negatif,gradabel/kontekstual,umum,menengah,Pasangan 'positif' dan 'negatif' memiliki hubungan pertentangan makna dalam konteks umum.,Contoh: penggunaan kata 'positif' disesuaikan dengan konteks kalimat.,Contoh: penggunaan kata 'negatif' disesuaikan dengan konteks kalimat.,Makna berlawanan dapat bergantung pada konteks dan ranah pemakaian.
210,plus,minus,gradabel/kontekstual,umum,menengah,Pasangan 'plus' dan 'minus' memiliki hubungan pertentangan makna dalam konteks umum.,Contoh: penggunaan kata 'plus' disesuaikan dengan konteks kalimat.,Contoh: penggunaan kata 'minus' disesuaikan dengan konteks kalimat.,Makna berlawanan dapat bergantung pada konteks dan ranah pemakaian.
211,kredit,debit,relasional,ekonomi,menengah,Pasangan 'kredit' dan 'debit' memiliki hubungan pertentangan makna dalam konteks ekonomi.,Contoh: penggunaan kata 'kredit' disesuaikan dengan konteks kalimat.,Contoh: penggunaan kata 'debit' disesuaikan dengan konteks kalimat.,Makna berlawanan dapat bergantung pada konteks dan ranah pemakaian.
212,penerimaan,pengeluaran,gradabel/kontekstual,ekonomi,menengah,Pasangan 'penerimaan' dan 'pengeluaran' memiliki hubungan pertentangan makna dalam konteks ekonomi.,Contoh: penggunaan kata 'penerimaan' disesuaikan dengan konteks kalimat.,Contoh: penggunaan kata 'pengeluaran' disesuaikan dengan konteks kalimat.,Makna berlawanan dapat bergantung pada konteks dan ranah pemakaian.
213,lokal,internasional,gradabel/kontekstual,umum,menengah,Pasangan 'lokal' dan 'internasional' memiliki hubungan pertentangan makna dalam konteks umum.,Contoh: penggunaan kata 'lokal' disesuaikan dengan konteks kalimat.,Contoh: penggunaan kata 'internasional' disesuaikan dengan konteks kalimat.,Makna berlawanan dapat bergantung pada konteks dan ranah pemakaian.
214,domestik,mancanegara,gradabel/kontekstual,umum,menengah,Pasangan 'domestik' dan 'mancanegara' memiliki hubungan pertentangan makna dalam konteks umum.,Contoh: penggunaan kata 'domestik' disesuaikan dengan konteks kalimat.,Contoh: penggunaan kata 'mancanegara' disesuaikan dengan konteks kalimat.,Makna berlawanan dapat bergantung pada konteks dan ranah pemakaian.
215,nasional,asing,gradabel/kontekstual,umum,menengah,Pasangan 'nasional' dan 'asing' memiliki hubungan pertentangan makna dalam konteks umum.,Contoh: penggunaan kata 'nasional' disesuaikan dengan konteks kalimat.,Contoh: penggunaan kata 'asing' disesuaikan dengan konteks kalimat.,Makna berlawanan dapat bergantung pada konteks dan ranah pemakaian.
216,tetap,sementara,gradabel/kontekstual,umum,menengah,Pasangan 'tetap' dan 'sementara' memiliki hubungan pertentangan makna dalam konteks umum.,Contoh: penggunaan kata 'tetap' disesuaikan dengan konteks kalimat.,Contoh: penggunaan kata 'sementara' disesuaikan dengan konteks kalimat.,Makna berlawanan dapat bergantung pada konteks dan ranah pemakaian.
217,abadi,fana,gradabel/kontekstual,umum,menengah,Pasangan 'abadi' dan 'fana' memiliki hubungan pertentangan makna dalam konteks umum.,Contoh: penggunaan kata 'abadi' disesuaikan dengan konteks kalimat.,Contoh: penggunaan kata 'fana' disesuaikan dengan konteks kalimat.,Makna berlawanan dapat bergantung pada konteks dan ranah pemakaian.
218,utama,tambahan,gradabel/kontekstual,umum,menengah,Pasangan 'utama' dan 'tambahan' memiliki hubungan pertentangan makna dalam konteks umum.,Contoh: penggunaan kata 'utama' disesuaikan dengan konteks kalimat.,Contoh: penggunaan kata 'tambahan' disesuaikan dengan konteks kalimat.,Makna berlawanan dapat bergantung pada konteks dan ranah pemakaian.
219,pokok,sampingan,gradabel/kontekstual,umum,menengah,Pasangan 'pokok' dan 'sampingan' memiliki hubungan pertentangan makna dalam konteks umum.,Contoh: penggunaan kata 'pokok' disesuaikan dengan konteks kalimat.,Contoh: penggunaan kata 'sampingan' disesuaikan dengan konteks kalimat.,Makna berlawanan dapat bergantung pada konteks dan ranah pemakaian.
220,dasar,lanjutan,gradabel/kontekstual,umum,menengah,Pasangan 'dasar' dan 'lanjutan' memiliki hubungan pertentangan makna dalam konteks umum.,Contoh: penggunaan kata 'dasar' disesuaikan dengan konteks kalimat.,Contoh: penggunaan kata 'lanjutan' disesuaikan dengan konteks kalimat.,Makna berlawanan dapat bergantung pada konteks dan ranah pemakaian.
221,pertama,terakhir,gradabel/kontekstual,umum,menengah,Pasangan 'pertama' dan 'terakhir' memiliki hubungan pertentangan makna dalam konteks umum.,Contoh: penggunaan kata 'pertama' disesuaikan dengan konteks kalimat.,Contoh: penggunaan kata 'terakhir' disesuaikan dengan konteks kalimat.,Makna berlawanan dapat bergantung pada konteks dan ranah pemakaian.
222,muka,belakang,direksional/reversif,umum,tinggi,Pasangan 'muka' dan 'belakang' memiliki hubungan pertentangan makna dalam konteks umum.,Contoh: penggunaan kata 'muka' disesuaikan dengan konteks kalimat.,Contoh: penggunaan kata 'belakang' disesuaikan dengan konteks kalimat.,Hubungan pertentangan makna relatif langsung.
223,puncak,dasar,gradabel/kontekstual,umum,menengah,Pasangan 'puncak' dan 'dasar' memiliki hubungan pertentangan makna dalam konteks umum.,Contoh: penggunaan kata 'puncak' disesuaikan dengan konteks kalimat.,Contoh: penggunaan kata 'dasar' disesuaikan dengan konteks kalimat.,Makna berlawanan dapat bergantung pada konteks dan ranah pemakaian.
224,tepi,tengah,gradabel/kontekstual,umum,menengah,Pasangan 'tepi' dan 'tengah' memiliki hubungan pertentangan makna dalam konteks umum.,Contoh: penggunaan kata 'tepi' disesuaikan dengan konteks kalimat.,Contoh: penggunaan kata 'tengah' disesuaikan dengan konteks kalimat.,Makna berlawanan dapat bergantung pada konteks dan ranah pemakaian.
225,pinggir,pusat,gradabel/kontekstual,umum,menengah,Pasangan 'pinggir' dan 'pusat' memiliki hubungan pertentangan makna dalam konteks umum.,Contoh: penggunaan kata 'pinggir' disesuaikan dengan konteks kalimat.,Contoh: penggunaan kata 'pusat' disesuaikan dengan konteks kalimat.,Makna berlawanan dapat bergantung pada konteks dan ranah pemakaian.
226,eksterior,interior,gradabel/kontekstual,umum,menengah,Pasangan 'eksterior' dan 'interior' memiliki hubungan pertentangan makna dalam konteks umum.,Contoh: penggunaan kata 'eksterior' disesuaikan dengan konteks kalimat.,Contoh: penggunaan kata 'interior' disesuaikan dengan konteks kalimat.,Makna berlawanan dapat bergantung pada konteks dan ranah pemakaian.
227,cangkang,inti,gradabel/kontekstual,umum,menengah,Pasangan 'cangkang' dan 'inti' memiliki hubungan pertentangan makna dalam konteks umum.,Contoh: penggunaan kata 'cangkang' disesuaikan dengan konteks kalimat.,Contoh: penggunaan kata 'inti' disesuaikan dengan konteks kalimat.,Makna berlawanan dapat bergantung pada konteks dan ranah pemakaian.
228,induk,anak,gradabel/kontekstual,umum,menengah,Pasangan 'induk' dan 'anak' memiliki hubungan pertentangan makna dalam konteks umum.,Contoh: penggunaan kata 'induk' disesuaikan dengan konteks kalimat.,Contoh: penggunaan kata 'anak' disesuaikan dengan konteks kalimat.,Makna berlawanan dapat bergantung pada konteks dan ranah pemakaian.
229,laki,perempuan,gradabel/kontekstual,umum,menengah,Pasangan 'laki' dan 'perempuan' memiliki hubungan pertentangan makna dalam konteks umum.,Contoh: penggunaan kata 'laki' disesuaikan dengan konteks kalimat.,Contoh: penggunaan kata 'perempuan' disesuaikan dengan konteks kalimat.,Makna berlawanan dapat bergantung pada konteks dan ranah pemakaian.
230,cowok,cewek,gradabel/kontekstual,umum,menengah,Pasangan 'cowok' dan 'cewek' memiliki hubungan pertentangan makna dalam konteks umum.,Contoh: penggunaan kata 'cowok' disesuaikan dengan konteks kalimat.,Contoh: penggunaan kata 'cewek' disesuaikan dengan konteks kalimat.,Makna berlawanan dapat bergantung pada konteks dan ranah pemakaian.
231,bujang,gadis,gradabel/kontekstual,umum,menengah,Pasangan 'bujang' dan 'gadis' memiliki hubungan pertentangan makna dalam konteks umum.,Contoh: penggunaan kata 'bujang' disesuaikan dengan konteks kalimat.,Contoh: penggunaan kata 'gadis' disesuaikan dengan konteks kalimat.,Makna berlawanan dapat bergantung pada konteks dan ranah pemakaian.
232,perjaka,perawan,gradabel/kontekstual,umum,menengah,Pasangan 'perjaka' dan 'perawan' memiliki hubungan pertentangan makna dalam konteks umum.,Contoh: penggunaan kata 'perjaka' disesuaikan dengan konteks kalimat.,Contoh: penggunaan kata 'perawan' disesuaikan dengan konteks kalimat.,Makna berlawanan dapat bergantung pada konteks dan ranah pemakaian.
233,duda,janda,gradabel/kontekstual,umum,menengah,Pasangan 'duda' dan 'janda' memiliki hubungan pertentangan makna dalam konteks umum.,Contoh: penggunaan kata 'duda' disesuaikan dengan konteks kalimat.,Contoh: penggunaan kata 'janda' disesuaikan dengan konteks kalimat.,Makna berlawanan dapat bergantung pada konteks dan ranah pemakaian.
234,ria,duka,gradabel/kontekstual,umum,menengah,Pasangan 'ria' dan 'duka' memiliki hubungan pertentangan makna dalam konteks umum.,Contoh: penggunaan kata 'ria' disesuaikan dengan konteks kalimat.,Contoh: penggunaan kata 'duka' disesuaikan dengan konteks kalimat.,Makna berlawanan dapat bergantung pada konteks dan ranah pemakaian.
235,gembira,susah,gradabel/kontekstual,hukum,menengah,Pasangan 'gembira' dan 'susah' memiliki hubungan pertentangan makna dalam konteks hukum.,Contoh: penggunaan kata 'gembira' disesuaikan dengan konteks kalimat.,Contoh: penggunaan kata 'susah' disesuaikan dengan konteks kalimat.,Makna berlawanan dapat bergantung pada konteks dan ranah pemakaian.
236,mudah,sukar,gradabel/kontekstual,umum,menengah,Pasangan 'mudah' dan 'sukar' memiliki hubungan pertentangan makna dalam konteks umum.,Contoh: penggunaan kata 'mudah' disesuaikan dengan konteks kalimat.,Contoh: penggunaan kata 'sukar' disesuaikan dengan konteks kalimat.,Makna berlawanan dapat bergantung pada konteks dan ranah pemakaian.
237,bugar,lemas,gradabel/kontekstual,kesehatan,menengah,Pasangan 'bugar' dan 'lemas' memiliki hubungan pertentangan makna dalam konteks kesehatan.,Contoh: penggunaan kata 'bugar' disesuaikan dengan konteks kalimat.,Contoh: penggunaan kata 'lemas' disesuaikan dengan konteks kalimat.,Makna berlawanan dapat bergantung pada konteks dan ranah pemakaian.
238,kuat,lesu,gradabel/kontekstual,umum,menengah,Pasangan 'kuat' dan 'lesu' memiliki hubungan pertentangan makna dalam konteks umum.,Contoh: penggunaan kata 'kuat' disesuaikan dengan konteks kalimat.,Contoh: penggunaan kata 'lesu' disesuaikan dengan konteks kalimat.,Makna berlawanan dapat bergantung pada konteks dan ranah pemakaian.
239,semangat,putus asa,gradabel/kontekstual,umum,menengah,Pasangan 'semangat' dan 'putus asa' memiliki hubungan pertentangan makna dalam konteks umum.,Contoh: penggunaan kata 'semangat' disesuaikan dengan konteks kalimat.,Contoh: penggunaan kata 'putus asa' disesuaikan dengan konteks kalimat.,Makna berlawanan dapat bergantung pada konteks dan ranah pemakaian.
240,optimis,pesimis,gradabel/kontekstual,umum,menengah,Pasangan 'optimis' dan 'pesimis' memiliki hubungan pertentangan makna dalam konteks umum.,Contoh: penggunaan kata 'optimis' disesuaikan dengan konteks kalimat.,Contoh: penggunaan kata 'pesimis' disesuaikan dengan konteks kalimat.,Makna berlawanan dapat bergantung pada konteks dan ranah pemakaian.
241,yakin,ragu,gradabel/kontekstual,umum,menengah,Pasangan 'yakin' dan 'ragu' memiliki hubungan pertentangan makna dalam konteks umum.,Contoh: penggunaan kata 'yakin' disesuaikan dengan konteks kalimat.,Contoh: penggunaan kata 'ragu' disesuaikan dengan konteks kalimat.,Makna berlawanan dapat bergantung pada konteks dan ranah pemakaian.
242,cantik,jelek,gradabel/kontekstual,umum,menengah,Pasangan 'cantik' dan 'jelek' memiliki hubungan pertentangan makna dalam konteks umum.,Contoh: penggunaan kata 'cantik' disesuaikan dengan konteks kalimat.,Contoh: penggunaan kata 'jelek' disesuaikan dengan konteks kalimat.,Makna berlawanan dapat bergantung pada konteks dan ranah pemakaian.
243,indah,buruk,gradabel/kontekstual,umum,menengah,Pasangan 'indah' dan 'buruk' memiliki hubungan pertentangan makna dalam konteks umum.,Contoh: penggunaan kata 'indah' disesuaikan dengan konteks kalimat.,Contoh: penggunaan kata 'buruk' disesuaikan dengan konteks kalimat.,Makna berlawanan dapat bergantung pada konteks dan ranah pemakaian.
244,mulia,hina,gradabel/kontekstual,umum,menengah,Pasangan 'mulia' dan 'hina' memiliki hubungan pertentangan makna dalam konteks umum.,Contoh: penggunaan kata 'mulia' disesuaikan dengan konteks kalimat.,Contoh: penggunaan kata 'hina' disesuaikan dengan konteks kalimat.,Makna berlawanan dapat bergantung pada konteks dan ranah pemakaian.
245,jangkung,cebol,gradabel/kontekstual,umum,menengah,Pasangan 'jangkung' dan 'cebol' memiliki hubungan pertentangan makna dalam konteks umum.,Contoh: penggunaan kata 'jangkung' disesuaikan dengan konteks kalimat.,Contoh: penggunaan kata 'cebol' disesuaikan dengan konteks kalimat.,Makna berlawanan dapat bergantung pada konteks dan ranah pemakaian.
246,makmur,miskin,gradabel/kontekstual,umum,menengah,Pasangan 'makmur' dan 'miskin' memiliki hubungan pertentangan makna dalam konteks umum.,Contoh: penggunaan kata 'makmur' disesuaikan dengan konteks kalimat.,Contoh: penggunaan kata 'miskin' disesuaikan dengan konteks kalimat.,Makna berlawanan dapat bergantung pada konteks dan ranah pemakaian.
247,kaya,papa,gradabel/kontekstual,umum,menengah,Pasangan 'kaya' dan 'papa' memiliki hubungan pertentangan makna dalam konteks umum.,Contoh: penggunaan kata 'kaya' disesuaikan dengan konteks kalimat.,Contoh: penggunaan kata 'papa' disesuaikan dengan konteks kalimat.,Makna berlawanan dapat bergantung pada konteks dan ranah pemakaian.
248,berharta,melarat,gradabel/kontekstual,umum,menengah,Pasangan 'berharta' dan 'melarat' memiliki hubungan pertentangan makna dalam konteks umum.,Contoh: penggunaan kata 'berharta' disesuaikan dengan konteks kalimat.,Contoh: penggunaan kata 'melarat' disesuaikan dengan konteks kalimat.,Makna berlawanan dapat bergantung pada konteks dan ranah pemakaian.
249,berhasil,kandas,gradabel/kontekstual,umum,menengah,Pasangan 'berhasil' dan 'kandas' memiliki hubungan pertentangan makna dalam konteks umum.,Contoh: penggunaan kata 'berhasil' disesuaikan dengan konteks kalimat.,Contoh: penggunaan kata 'kandas' disesuaikan dengan konteks kalimat.,Makna berlawanan dapat bergantung pada konteks dan ranah pemakaian.
250,lulus,tidak lulus,komplementer,umum,tinggi,Pasangan 'lulus' dan 'tidak lulus' memiliki hubungan pertentangan makna dalam konteks umum.,Contoh: penggunaan kata 'lulus' disesuaikan dengan konteks kalimat.,Contoh: penggunaan kata 'tidak lulus' disesuaikan dengan konteks kalimat.,Hubungan pertentangan makna relatif langsung.
251,naik kelas,tinggal kelas,gradabel/kontekstual,umum,menengah,Pasangan 'naik kelas' dan 'tinggal kelas' memiliki hubungan pertentangan makna dalam konteks umum.,Contoh: penggunaan kata 'naik kelas' disesuaikan dengan konteks kalimat.,Contoh: penggunaan kata 'tinggal kelas' disesuaikan dengan konteks kalimat.,Makna berlawanan dapat bergantung pada konteks dan ranah pemakaian.
252,pandai,tolol,gradabel/kontekstual,umum,menengah,Pasangan 'pandai' dan 'tolol' memiliki hubungan pertentangan makna dalam konteks umum.,Contoh: penggunaan kata 'pandai' disesuaikan dengan konteks kalimat.,Contoh: penggunaan kata 'tolol' disesuaikan dengan konteks kalimat.,Makna berlawanan dapat bergantung pada konteks dan ranah pemakaian.
253,ahli,amatir,gradabel/kontekstual,umum,menengah,Pasangan 'ahli' dan 'amatir' memiliki hubungan pertentangan makna dalam konteks umum.,Contoh: penggunaan kata 'ahli' disesuaikan dengan konteks kalimat.,Contoh: penggunaan kata 'amatir' disesuaikan dengan konteks kalimat.,Makna berlawanan dapat bergantung pada konteks dan ranah pemakaian.
254,pakar,pemula,gradabel/kontekstual,umum,menengah,Pasangan 'pakar' dan 'pemula' memiliki hubungan pertentangan makna dalam konteks umum.,Contoh: penggunaan kata 'pakar' disesuaikan dengan konteks kalimat.,Contoh: penggunaan kata 'pemula' disesuaikan dengan konteks kalimat.,Makna berlawanan dapat bergantung pada konteks dan ranah pemakaian.
255,cair,beku,gradabel/kontekstual,umum,menengah,Pasangan 'cair' dan 'beku' memiliki hubungan pertentangan makna dalam konteks umum.,Contoh: penggunaan kata 'cair' disesuaikan dengan konteks kalimat.,Contoh: penggunaan kata 'beku' disesuaikan dengan konteks kalimat.,Makna berlawanan dapat bergantung pada konteks dan ranah pemakaian.
256,tumpul,runcing,gradabel/kontekstual,umum,menengah,Pasangan 'tumpul' dan 'runcing' memiliki hubungan pertentangan makna dalam konteks umum.,Contoh: penggunaan kata 'tumpul' disesuaikan dengan konteks kalimat.,Contoh: penggunaan kata 'runcing' disesuaikan dengan konteks kalimat.,Makna berlawanan dapat bergantung pada konteks dan ranah pemakaian.
257,lengkung,lurus,gradabel/kontekstual,umum,menengah,Pasangan 'lengkung' dan 'lurus' memiliki hubungan pertentangan makna dalam konteks umum.,Contoh: penggunaan kata 'lengkung' disesuaikan dengan konteks kalimat.,Contoh: penggunaan kata 'lurus' disesuaikan dengan konteks kalimat.,Makna berlawanan dapat bergantung pada konteks dan ranah pemakaian.
258,kosong,isi,gradabel/kontekstual,umum,menengah,Pasangan 'kosong' dan 'isi' memiliki hubungan pertentangan makna dalam konteks umum.,Contoh: penggunaan kata 'kosong' disesuaikan dengan konteks kalimat.,Contoh: penggunaan kata 'isi' disesuaikan dengan konteks kalimat.,Makna berlawanan dapat bergantung pada konteks dan ranah pemakaian.
259,hampa,penuh,gradabel/kontekstual,umum,menengah,Pasangan 'hampa' dan 'penuh' memiliki hubungan pertentangan makna dalam konteks umum.,Contoh: penggunaan kata 'hampa' disesuaikan dengan konteks kalimat.,Contoh: penggunaan kata 'penuh' disesuaikan dengan konteks kalimat.,Makna berlawanan dapat bergantung pada konteks dan ranah pemakaian.
260,tentu,ragu,gradabel/kontekstual,umum,menengah,Pasangan 'tentu' dan 'ragu' memiliki hubungan pertentangan makna dalam konteks umum.,Contoh: penggunaan kata 'tentu' disesuaikan dengan konteks kalimat.,Contoh: penggunaan kata 'ragu' disesuaikan dengan konteks kalimat.,Makna berlawanan dapat bergantung pada konteks dan ranah pemakaian.
261,jelas,kabur,gradabel/kontekstual,umum,menengah,Pasangan 'jelas' dan 'kabur' memiliki hubungan pertentangan makna dalam konteks umum.,Contoh: penggunaan kata 'jelas' disesuaikan dengan konteks kalimat.,Contoh: penggunaan kata 'kabur' disesuaikan dengan konteks kalimat.,Makna berlawanan dapat bergantung pada konteks dan ranah pemakaian.
262,nyata,samar,gradabel/kontekstual,umum,menengah,Pasangan 'nyata' dan 'samar' memiliki hubungan pertentangan makna dalam konteks umum.,Contoh: penggunaan kata 'nyata' disesuaikan dengan konteks kalimat.,Contoh: penggunaan kata 'samar' disesuaikan dengan konteks kalimat.,Makna berlawanan dapat bergantung pada konteks dan ranah pemakaian.
263,fakta,opini,gradabel/kontekstual,umum,menengah,Pasangan 'fakta' dan 'opini' memiliki hubungan pertentangan makna dalam konteks umum.,Contoh: penggunaan kata 'fakta' disesuaikan dengan konteks kalimat.,Contoh: penggunaan kata 'opini' disesuaikan dengan konteks kalimat.,Makna berlawanan dapat bergantung pada konteks dan ranah pemakaian.
264,kebenaran,kebohongan,gradabel/kontekstual,umum,menengah,Pasangan 'kebenaran' dan 'kebohongan' memiliki hubungan pertentangan makna dalam konteks umum.,Contoh: penggunaan kata 'kebenaran' disesuaikan dengan konteks kalimat.,Contoh: penggunaan kata 'kebohongan' disesuaikan dengan konteks kalimat.,Makna berlawanan dapat bergantung pada konteks dan ranah pemakaian.
265,jujur,dusta,gradabel/kontekstual,umum,menengah,Pasangan 'jujur' dan 'dusta' memiliki hubungan pertentangan makna dalam konteks umum.,Contoh: penggunaan kata 'jujur' disesuaikan dengan konteks kalimat.,Contoh: penggunaan kata 'dusta' disesuaikan dengan konteks kalimat.,Makna berlawanan dapat bergantung pada konteks dan ranah pemakaian.
266,percaya,curiga,gradabel/kontekstual,umum,menengah,Pasangan 'percaya' dan 'curiga' memiliki hubungan pertentangan makna dalam konteks umum.,Contoh: penggunaan kata 'percaya' disesuaikan dengan konteks kalimat.,Contoh: penggunaan kata 'curiga' disesuaikan dengan konteks kalimat.,Makna berlawanan dapat bergantung pada konteks dan ranah pemakaian.
267,aman,bahaya,gradabel/kontekstual,umum,menengah,Pasangan 'aman' dan 'bahaya' memiliki hubungan pertentangan makna dalam konteks umum.,Contoh: penggunaan kata 'aman' disesuaikan dengan konteks kalimat.,Contoh: penggunaan kata 'bahaya' disesuaikan dengan konteks kalimat.,Makna berlawanan dapat bergantung pada konteks dan ranah pemakaian.
268,selamat,celaka,gradabel/kontekstual,umum,menengah,Pasangan 'selamat' dan 'celaka' memiliki hubungan pertentangan makna dalam konteks umum.,Contoh: penggunaan kata 'selamat' disesuaikan dengan konteks kalimat.,Contoh: penggunaan kata 'celaka' disesuaikan dengan konteks kalimat.,Makna berlawanan dapat bergantung pada konteks dan ranah pemakaian.
269,berkah,musibah,gradabel/kontekstual,umum,menengah,Pasangan 'berkah' dan 'musibah' memiliki hubungan pertentangan makna dalam konteks umum.,Contoh: penggunaan kata 'berkah' disesuaikan dengan konteks kalimat.,Contoh: penggunaan kata 'musibah' disesuaikan dengan konteks kalimat.,Makna berlawanan dapat bergantung pada konteks dan ranah pemakaian.
270,rahmat,laknat,gradabel/kontekstual,umum,menengah,Pasangan 'rahmat' dan 'laknat' memiliki hubungan pertentangan makna dalam konteks umum.,Contoh: penggunaan kata 'rahmat' disesuaikan dengan konteks kalimat.,Contoh: penggunaan kata 'laknat' disesuaikan dengan konteks kalimat.,Makna berlawanan dapat bergantung pada konteks dan ranah pemakaian.
271,rapi,acak-acakan,gradabel/kontekstual,umum,menengah,Pasangan 'rapi' dan 'acak-acakan' memiliki hubungan pertentangan makna dalam konteks umum.,Contoh: penggunaan kata 'rapi' disesuaikan dengan konteks kalimat.,Contoh: penggunaan kata 'acak-acakan' disesuaikan dengan konteks kalimat.,Makna berlawanan dapat bergantung pada konteks dan ranah pemakaian.
272,tertib,rusuh,gradabel/kontekstual,umum,menengah,Pasangan 'tertib' dan 'rusuh' memiliki hubungan pertentangan makna dalam konteks umum.,Contoh: penggunaan kata 'tertib' disesuaikan dengan konteks kalimat.,Contoh: penggunaan kata 'rusuh' disesuaikan dengan konteks kalimat.,Makna berlawanan dapat bergantung pada konteks dan ranah pemakaian.
273,damai,konflik,gradabel/kontekstual,umum,menengah,Pasangan 'damai' dan 'konflik' memiliki hubungan pertentangan makna dalam konteks umum.,Contoh: penggunaan kata 'damai' disesuaikan dengan konteks kalimat.,Contoh: penggunaan kata 'konflik' disesuaikan dengan konteks kalimat.,Makna berlawanan dapat bergantung pada konteks dan ranah pemakaian.
274,mitra,rival,gradabel/kontekstual,umum,menengah,Pasangan 'mitra' dan 'rival' memiliki hubungan pertentangan makna dalam konteks umum.,Contoh: penggunaan kata 'mitra' disesuaikan dengan konteks kalimat.,Contoh: penggunaan kata 'rival' disesuaikan dengan konteks kalimat.,Makna berlawanan dapat bergantung pada konteks dan ranah pemakaian.
275,pemerintah,oposisi,gradabel/kontekstual,sosial dan politik,menengah,Pasangan 'pemerintah' dan 'oposisi' memiliki hubungan pertentangan makna dalam konteks sosial dan politik.,Contoh: penggunaan kata 'pemerintah' disesuaikan dengan konteks kalimat.,Contoh: penggunaan kata 'oposisi' disesuaikan dengan konteks kalimat.,Makna berlawanan dapat bergantung pada konteks dan ranah pemakaian.
276,bayi,lansia,gradabel/kontekstual,umum,menengah,Pasangan 'bayi' dan 'lansia' memiliki hubungan pertentangan makna dalam konteks umum.,Contoh: penggunaan kata 'bayi' disesuaikan dengan konteks kalimat.,Contoh: penggunaan kata 'lansia' disesuaikan dengan konteks kalimat.,Makna berlawanan dapat bergantung pada konteks dan ranah pemakaian.
277,tumbuh,layu,gradabel/kontekstual,umum,menengah,Pasangan 'tumbuh' dan 'layu' memiliki hubungan pertentangan makna dalam konteks umum.,Contoh: penggunaan kata 'tumbuh' disesuaikan dengan konteks kalimat.,Contoh: penggunaan kata 'layu' disesuaikan dengan konteks kalimat.,Makna berlawanan dapat bergantung pada konteks dan ranah pemakaian.
278,segar,busuk,gradabel/kontekstual,umum,menengah,Pasangan 'segar' dan 'busuk' memiliki hubungan pertentangan makna dalam konteks umum.,Contoh: penggunaan kata 'segar' disesuaikan dengan konteks kalimat.,Contoh: penggunaan kata 'busuk' disesuaikan dengan konteks kalimat.,Makna berlawanan dapat bergantung pada konteks dan ranah pemakaian.
279,pedas,hambar,gradabel/kontekstual,umum,menengah,Pasangan 'pedas' dan 'hambar' memiliki hubungan pertentangan makna dalam konteks umum.,Contoh: penggunaan kata 'pedas' disesuaikan dengan konteks kalimat.,Contoh: penggunaan kata 'hambar' disesuaikan dengan konteks kalimat.,Makna berlawanan dapat bergantung pada konteks dan ranah pemakaian.
280,enak,hambar,gradabel/kontekstual,umum,menengah,Pasangan 'enak' dan 'hambar' memiliki hubungan pertentangan makna dalam konteks umum.,Contoh: penggunaan kata 'enak' disesuaikan dengan konteks kalimat.,Contoh: penggunaan kata 'hambar' disesuaikan dengan konteks kalimat.,Makna berlawanan dapat bergantung pada konteks dan ranah pemakaian.
281,istirahat,kerja,gradabel/kontekstual,umum,menengah,Pasangan 'istirahat' dan 'kerja' memiliki hubungan pertentangan makna dalam konteks umum.,Contoh: penggunaan kata 'istirahat' disesuaikan dengan konteks kalimat.,Contoh: penggunaan kata 'kerja' disesuaikan dengan konteks kalimat.,Makna berlawanan dapat bergantung pada konteks dan ranah pemakaian.
282,giat,malas,gradabel/kontekstual,umum,menengah,Pasangan 'giat' dan 'malas' memiliki hubungan pertentangan makna dalam konteks umum.,Contoh: penggunaan kata 'giat' disesuaikan dengan konteks kalimat.,Contoh: penggunaan kata 'malas' disesuaikan dengan konteks kalimat.,Makna berlawanan dapat bergantung pada konteks dan ranah pemakaian.
283,tenang,panik,gradabel/kontekstual,umum,menengah,Pasangan 'tenang' dan 'panik' memiliki hubungan pertentangan makna dalam konteks umum.,Contoh: penggunaan kata 'tenang' disesuaikan dengan konteks kalimat.,Contoh: penggunaan kata 'panik' disesuaikan dengan konteks kalimat.,Makna berlawanan dapat bergantung pada konteks dan ranah pemakaian.
284,lancar,macet,gradabel/kontekstual,umum,menengah,Pasangan 'lancar' dan 'macet' memiliki hubungan pertentangan makna dalam konteks umum.,Contoh: penggunaan kata 'lancar' disesuaikan dengan konteks kalimat.,Contoh: penggunaan kata 'macet' disesuaikan dengan konteks kalimat.,Makna berlawanan dapat bergantung pada konteks dan ranah pemakaian.
285,gesit,lamban,gradabel/kontekstual,umum,menengah,Pasangan 'gesit' dan 'lamban' memiliki hubungan pertentangan makna dalam konteks umum.,Contoh: penggunaan kata 'gesit' disesuaikan dengan konteks kalimat.,Contoh: penggunaan kata 'lamban' disesuaikan dengan konteks kalimat.,Makna berlawanan dapat bergantung pada konteks dan ranah pemakaian.
286,bagus,jelek,gradabel/kontekstual,umum,menengah,Pasangan 'bagus' dan 'jelek' memiliki hubungan pertentangan makna dalam konteks umum.,Contoh: penggunaan kata 'bagus' disesuaikan dengan konteks kalimat.,Contoh: penggunaan kata 'jelek' disesuaikan dengan konteks kalimat.,Makna berlawanan dapat bergantung pada konteks dan ranah pemakaian.
287,tepat,keliru,gradabel/kontekstual,umum,menengah,Pasangan 'tepat' dan 'keliru' memiliki hubungan pertentangan makna dalam konteks umum.,Contoh: penggunaan kata 'tepat' disesuaikan dengan konteks kalimat.,Contoh: penggunaan kata 'keliru' disesuaikan dengan konteks kalimat.,Makna berlawanan dapat bergantung pada konteks dan ranah pemakaian.
288,cukup,berlebih,gradabel/kontekstual,umum,menengah,Pasangan 'cukup' dan 'berlebih' memiliki hubungan pertentangan makna dalam konteks umum.,Contoh: penggunaan kata 'cukup' disesuaikan dengan konteks kalimat.,Contoh: penggunaan kata 'berlebih' disesuaikan dengan konteks kalimat.,Makna berlawanan dapat bergantung pada konteks dan ranah pemakaian.
289,mulai,berhenti,gradabel/kontekstual,umum,menengah,Pasangan 'mulai' dan 'berhenti' memiliki hubungan pertentangan makna dalam konteks umum.,Contoh: penggunaan kata 'mulai' disesuaikan dengan konteks kalimat.,Contoh: penggunaan kata 'berhenti' disesuaikan dengan konteks kalimat.,Makna berlawanan dapat bergantung pada konteks dan ranah pemakaian.
290,pasang,lepas,gradabel/kontekstual,umum,menengah,Pasangan 'pasang' dan 'lepas' memiliki hubungan pertentangan makna dalam konteks umum.,Contoh: penggunaan kata 'pasang' disesuaikan dengan konteks kalimat.,Contoh: penggunaan kata 'lepas' disesuaikan dengan konteks kalimat.,Makna berlawanan dapat bergantung pada konteks dan ranah pemakaian.
291,lembab,kering,gradabel/kontekstual,umum,menengah,Pasangan 'lembab' dan 'kering' memiliki hubungan pertentangan makna dalam konteks umum.,Contoh: penggunaan kata 'lembab' disesuaikan dengan konteks kalimat.,Contoh: penggunaan kata 'kering' disesuaikan dengan konteks kalimat.,Makna berlawanan dapat bergantung pada konteks dan ranah pemakaian.
292,empuk,liat,gradabel/kontekstual,umum,menengah,Pasangan 'empuk' dan 'liat' memiliki hubungan pertentangan makna dalam konteks umum.,Contoh: penggunaan kata 'empuk' disesuaikan dengan konteks kalimat.,Contoh: penggunaan kata 'liat' disesuaikan dengan konteks kalimat.,Makna berlawanan dapat bergantung pada konteks dan ranah pemakaian.
293,kokoh,goyah,gradabel/kontekstual,umum,menengah,Pasangan 'kokoh' dan 'goyah' memiliki hubungan pertentangan makna dalam konteks umum.,Contoh: penggunaan kata 'kokoh' disesuaikan dengan konteks kalimat.,Contoh: penggunaan kata 'goyah' disesuaikan dengan konteks kalimat.,Makna berlawanan dapat bergantung pada konteks dan ranah pemakaian.
294,raksasa,mungil,gradabel/kontekstual,umum,menengah,Pasangan 'raksasa' dan 'mungil' memiliki hubungan pertentangan makna dalam konteks umum.,Contoh: penggunaan kata 'raksasa' disesuaikan dengan konteks kalimat.,Contoh: penggunaan kata 'mungil' disesuaikan dengan konteks kalimat.,Makna berlawanan dapat bergantung pada konteks dan ranah pemakaian.
295,mini,jumbo,gradabel/kontekstual,umum,menengah,Pasangan 'mini' dan 'jumbo' memiliki hubungan pertentangan makna dalam konteks umum.,Contoh: penggunaan kata 'mini' disesuaikan dengan konteks kalimat.,Contoh: penggunaan kata 'jumbo' disesuaikan dengan konteks kalimat.,Makna berlawanan dapat bergantung pada konteks dan ranah pemakaian.
296,luas,terbatas,gradabel/kontekstual,umum,menengah,Pasangan 'luas' dan 'terbatas' memiliki hubungan pertentangan makna dalam konteks umum.,Contoh: penggunaan kata 'luas' disesuaikan dengan konteks kalimat.,Contoh: penggunaan kata 'terbatas' disesuaikan dengan konteks kalimat.,Makna berlawanan dapat bergantung pada konteks dan ranah pemakaian.
297,terbatas,bebas,gradabel/kontekstual,umum,menengah,Pasangan 'terbatas' dan 'bebas' memiliki hubungan pertentangan makna dalam konteks umum.,Contoh: penggunaan kata 'terbatas' disesuaikan dengan konteks kalimat.,Contoh: penggunaan kata 'bebas' disesuaikan dengan konteks kalimat.,Makna berlawanan dapat bergantung pada konteks dan ranah pemakaian.
298,bebas,terikat,gradabel/kontekstual,umum,menengah,Pasangan 'bebas' dan 'terikat' memiliki hubungan pertentangan makna dalam konteks umum.,Contoh: penggunaan kata 'bebas' disesuaikan dengan konteks kalimat.,Contoh: penggunaan kata 'terikat' disesuaikan dengan konteks kalimat.,Makna berlawanan dapat bergantung pada konteks dan ranah pemakaian.
299,terikat,lepas,gradabel/kontekstual,umum,menengah,Pasangan 'terikat' dan 'lepas' memiliki hubungan pertentangan makna dalam konteks umum.,Contoh: penggunaan kata 'terikat' disesuaikan dengan konteks kalimat.,Contoh: penggunaan kata 'lepas' disesuaikan dengan konteks kalimat.,Makna berlawanan dapat bergantung pada konteks dan ranah pemakaian.
300,pasang,copot,gradabel/kontekstual,umum,menengah,Pasangan 'pasang' dan 'copot' memiliki hubungan pertentangan makna dalam konteks umum.,Contoh: penggunaan kata 'pasang' disesuaikan dengan konteks kalimat.,Contoh: penggunaan kata 'copot' disesuaikan dengan konteks kalimat.,Makna berlawanan dapat bergantung pada konteks dan ranah pemakaian.
301,rekat,pisah,gradabel/kontekstual,hukum,menengah,Pasangan 'rekat' dan 'pisah' memiliki hubungan pertentangan makna dalam konteks hukum.,Contoh: penggunaan kata 'rekat' disesuaikan dengan konteks kalimat.,Contoh: penggunaan kata 'pisah' disesuaikan dengan konteks kalimat.,Makna berlawanan dapat bergantung pada konteks dan ranah pemakaian.
302,pisah,gabung,gradabel/kontekstual,hukum,menengah,Pasangan 'pisah' dan 'gabung' memiliki hubungan pertentangan makna dalam konteks hukum.,Contoh: penggunaan kata 'pisah' disesuaikan dengan konteks kalimat.,Contoh: penggunaan kata 'gabung' disesuaikan dengan konteks kalimat.,Makna berlawanan dapat bergantung pada konteks dan ranah pemakaian.
303,gabung,urai,gradabel/kontekstual,umum,menengah,Pasangan 'gabung' dan 'urai' memiliki hubungan pertentangan makna dalam konteks umum.,Contoh: penggunaan kata 'gabung' disesuaikan dengan konteks kalimat.,Contoh: penggunaan kata 'urai' disesuaikan dengan konteks kalimat.,Makna berlawanan dapat bergantung pada konteks dan ranah pemakaian.
304,urai,susun,gradabel/kontekstual,umum,menengah,Pasangan 'urai' dan 'susun' memiliki hubungan pertentangan makna dalam konteks umum.,Contoh: penggunaan kata 'urai' disesuaikan dengan konteks kalimat.,Contoh: penggunaan kata 'susun' disesuaikan dengan konteks kalimat.,Makna berlawanan dapat bergantung pada konteks dan ranah pemakaian.
305,susun,acak,gradabel/kontekstual,umum,menengah,Pasangan 'susun' dan 'acak' memiliki hubungan pertentangan makna dalam konteks umum.,Contoh: penggunaan kata 'susun' disesuaikan dengan konteks kalimat.,Contoh: penggunaan kata 'acak' disesuaikan dengan konteks kalimat.,Makna berlawanan dapat bergantung pada konteks dan ranah pemakaian.
306,acak,rapi,gradabel/kontekstual,umum,menengah,Pasangan 'acak' dan 'rapi' memiliki hubungan pertentangan makna dalam konteks umum.,Contoh: penggunaan kata 'acak' disesuaikan dengan konteks kalimat.,Contoh: penggunaan kata 'rapi' disesuaikan dengan konteks kalimat.,Makna berlawanan dapat bergantung pada konteks dan ranah pemakaian.
307,lebar,sempit,gradabel/kontekstual,umum,menengah,Pasangan 'lebar' dan 'sempit' memiliki hubungan pertentangan makna dalam konteks umum.,Contoh: penggunaan kata 'lebar' disesuaikan dengan konteks kalimat.,Contoh: penggunaan kata 'sempit' disesuaikan dengan konteks kalimat.,Makna berlawanan dapat bergantung pada konteks dan ranah pemakaian.
308,kurang,lebih,gradabel/kontekstual,umum,menengah,Pasangan 'kurang' dan 'lebih' memiliki hubungan pertentangan makna dalam konteks umum.,Contoh: penggunaan kata 'kurang' disesuaikan dengan konteks kalimat.,Contoh: penggunaan kata 'lebih' disesuaikan dengan konteks kalimat.,Makna berlawanan dapat bergantung pada konteks dan ranah pemakaian.
309,awal,akhir,direksional/reversif,umum,tinggi,Pasangan 'awal' dan 'akhir' memiliki hubungan pertentangan makna dalam konteks umum.,Contoh: penggunaan kata 'awal' disesuaikan dengan konteks kalimat.,Contoh: penggunaan kata 'akhir' disesuaikan dengan konteks kalimat.,Hubungan pertentangan makna relatif langsung.
310,dulu,nanti,gradabel/kontekstual,umum,menengah,Pasangan 'dulu' dan 'nanti' memiliki hubungan pertentangan makna dalam konteks umum.,Contoh: penggunaan kata 'dulu' disesuaikan dengan konteks kalimat.,Contoh: penggunaan kata 'nanti' disesuaikan dengan konteks kalimat.,Makna berlawanan dapat bergantung pada konteks dan ranah pemakaian.
311,kemarin,besok,gradabel/kontekstual,umum,menengah,Pasangan 'kemarin' dan 'besok' memiliki hubungan pertentangan makna dalam konteks umum.,Contoh: penggunaan kata 'kemarin' disesuaikan dengan konteks kalimat.,Contoh: penggunaan kata 'besok' disesuaikan dengan konteks kalimat.,Makna berlawanan dapat bergantung pada konteks dan ranah pemakaian.
312,pagi,malam,gradabel/kontekstual,umum,menengah,Pasangan 'pagi' dan 'malam' memiliki hubungan pertentangan makna dalam konteks umum.,Contoh: penggunaan kata 'pagi' disesuaikan dengan konteks kalimat.,Contoh: penggunaan kata 'malam' disesuaikan dengan konteks kalimat.,Makna berlawanan dapat bergantung pada konteks dan ranah pemakaian.
313,siang,sore,gradabel/kontekstual,umum,menengah,Pasangan 'siang' dan 'sore' memiliki hubungan pertentangan makna dalam konteks umum.,Contoh: penggunaan kata 'siang' disesuaikan dengan konteks kalimat.,Contoh: penggunaan kata 'sore' disesuaikan dengan konteks kalimat.,Makna berlawanan dapat bergantung pada konteks dan ranah pemakaian.
314,ganjil,genap,komplementer,umum,tinggi,Pasangan 'ganjil' dan 'genap' memiliki hubungan pertentangan makna dalam konteks umum.,Contoh: penggunaan kata 'ganjil' disesuaikan dengan konteks kalimat.,Contoh: penggunaan kata 'genap' disesuaikan dengan konteks kalimat.,Hubungan pertentangan makna relatif langsung.
315,tunggal,jamak,gradabel/kontekstual,umum,menengah,Pasangan 'tunggal' dan 'jamak' memiliki hubungan pertentangan makna dalam konteks umum.,Contoh: penggunaan kata 'tunggal' disesuaikan dengan konteks kalimat.,Contoh: penggunaan kata 'jamak' disesuaikan dengan konteks kalimat.,Makna berlawanan dapat bergantung pada konteks dan ranah pemakaian.
316,monolog,dialog,gradabel/kontekstual,bahasa dan penelitian,menengah,Pasangan 'monolog' dan 'dialog' memiliki hubungan pertentangan makna dalam konteks bahasa dan penelitian.,Contoh: penggunaan kata 'monolog' disesuaikan dengan konteks kalimat.,Contoh: penggunaan kata 'dialog' disesuaikan dengan konteks kalimat.,Makna berlawanan dapat bergantung pada konteks dan ranah pemakaian.
317,prolog,epilog,direksional/reversif,umum,tinggi,Pasangan 'prolog' dan 'epilog' memiliki hubungan pertentangan makna dalam konteks umum.,Contoh: penggunaan kata 'prolog' disesuaikan dengan konteks kalimat.,Contoh: penggunaan kata 'epilog' disesuaikan dengan konteks kalimat.,Hubungan pertentangan makna relatif langsung.
318,preambule,penutup,gradabel/kontekstual,umum,menengah,Pasangan 'preambule' dan 'penutup' memiliki hubungan pertentangan makna dalam konteks umum.,Contoh: penggunaan kata 'preambule' disesuaikan dengan konteks kalimat.,Contoh: penggunaan kata 'penutup' disesuaikan dengan konteks kalimat.,Makna berlawanan dapat bergantung pada konteks dan ranah pemakaian.
319,abstrak,konkret,gradabel/kontekstual,bahasa dan penelitian,menengah,Pasangan 'abstrak' dan 'konkret' memiliki hubungan pertentangan makna dalam konteks bahasa dan penelitian.,Contoh: penggunaan kata 'abstrak' disesuaikan dengan konteks kalimat.,Contoh: penggunaan kata 'konkret' disesuaikan dengan konteks kalimat.,Makna berlawanan dapat bergantung pada konteks dan ranah pemakaian.
320,fiksi,nonfiksi,gradabel/kontekstual,bahasa dan penelitian,menengah,Pasangan 'fiksi' dan 'nonfiksi' memiliki hubungan pertentangan makna dalam konteks bahasa dan penelitian.,Contoh: penggunaan kata 'fiksi' disesuaikan dengan konteks kalimat.,Contoh: penggunaan kata 'nonfiksi' disesuaikan dengan konteks kalimat.,Makna berlawanan dapat bergantung pada konteks dan ranah pemakaian.
321,induksi,deduksi,gradabel/kontekstual,bahasa dan penelitian,menengah,Pasangan 'induksi' dan 'deduksi' memiliki hubungan pertentangan makna dalam konteks bahasa dan penelitian.,Contoh: penggunaan kata 'induksi' disesuaikan dengan konteks kalimat.,Contoh: penggunaan kata 'deduksi' disesuaikan dengan konteks kalimat.,Makna berlawanan dapat bergantung pada konteks dan ranah pemakaian.
322,subjektif,objektif,gradabel/kontekstual,bahasa dan penelitian,menengah,Pasangan 'subjektif' dan 'objektif' memiliki hubungan pertentangan makna dalam konteks bahasa dan penelitian.,Contoh: penggunaan kata 'subjektif' disesuaikan dengan konteks kalimat.,Contoh: penggunaan kata 'objektif' disesuaikan dengan konteks kalimat.,Makna berlawanan dapat bergantung pada konteks dan ranah pemakaian.
323,kualitatif,kuantitatif,gradabel/kontekstual,bahasa dan penelitian,menengah,Pasangan 'kualitatif' dan 'kuantitatif' memiliki hubungan pertentangan makna dalam konteks bahasa dan penelitian.,Contoh: penggunaan kata 'kualitatif' disesuaikan dengan konteks kalimat.,Contoh: penggunaan kata 'kuantitatif' disesuaikan dengan konteks kalimat.,Makna berlawanan dapat bergantung pada konteks dan ranah pemakaian.
324,hitam,putih,gradabel/kontekstual,umum,menengah,Pasangan 'hitam' dan 'putih' memiliki hubungan pertentangan makna dalam konteks umum.,Contoh: penggunaan kata 'hitam' disesuaikan dengan konteks kalimat.,Contoh: penggunaan kata 'putih' disesuaikan dengan konteks kalimat.,Makna berlawanan dapat bergantung pada konteks dan ranah pemakaian.
325,suram,cerah,gradabel/kontekstual,umum,menengah,Pasangan 'suram' dan 'cerah' memiliki hubungan pertentangan makna dalam konteks umum.,Contoh: penggunaan kata 'suram' disesuaikan dengan konteks kalimat.,Contoh: penggunaan kata 'cerah' disesuaikan dengan konteks kalimat.,Makna berlawanan dapat bergantung pada konteks dan ranah pemakaian.
326,kusam,mengkilap,gradabel/kontekstual,umum,menengah,Pasangan 'kusam' dan 'mengkilap' memiliki hubungan pertentangan makna dalam konteks umum.,Contoh: penggunaan kata 'kusam' disesuaikan dengan konteks kalimat.,Contoh: penggunaan kata 'mengkilap' disesuaikan dengan konteks kalimat.,Makna berlawanan dapat bergantung pada konteks dan ranah pemakaian.
327,sedap,hambar,gradabel/kontekstual,umum,menengah,Pasangan 'sedap' dan 'hambar' memiliki hubungan pertentangan makna dalam konteks umum.,Contoh: penggunaan kata 'sedap' disesuaikan dengan konteks kalimat.,Contoh: penggunaan kata 'hambar' disesuaikan dengan konteks kalimat.,Makna berlawanan dapat bergantung pada konteks dan ranah pemakaian.
328,tampan,jelek,gradabel/kontekstual,umum,menengah,Pasangan 'tampan' dan 'jelek' memiliki hubungan pertentangan makna dalam konteks umum.,Contoh: penggunaan kata 'tampan' disesuaikan dengan konteks kalimat.,Contoh: penggunaan kata 'jelek' disesuaikan dengan konteks kalimat.,Makna berlawanan dapat bergantung pada konteks dan ranah pemakaian.
329,gagah,lunglai,gradabel/kontekstual,umum,menengah,Pasangan 'gagah' dan 'lunglai' memiliki hubungan pertentangan makna dalam konteks umum.,Contoh: penggunaan kata 'gagah' disesuaikan dengan konteks kalimat.,Contoh: penggunaan kata 'lunglai' disesuaikan dengan konteks kalimat.,Makna berlawanan dapat bergantung pada konteks dan ranah pemakaian.
330,tegap,bungkuk,gradabel/kontekstual,umum,menengah,Pasangan 'tegap' dan 'bungkuk' memiliki hubungan pertentangan makna dalam konteks umum.,Contoh: penggunaan kata 'tegap' disesuaikan dengan konteks kalimat.,Contoh: penggunaan kata 'bungkuk' disesuaikan dengan konteks kalimat.,Makna berlawanan dapat bergantung pada konteks dan ranah pemakaian.
331,gemuk,ceking,gradabel/kontekstual,umum,menengah,Pasangan 'gemuk' dan 'ceking' memiliki hubungan pertentangan makna dalam konteks umum.,Contoh: penggunaan kata 'gemuk' disesuaikan dengan konteks kalimat.,Contoh: penggunaan kata 'ceking' disesuaikan dengan konteks kalimat.,Makna berlawanan dapat bergantung pada konteks dan ranah pemakaian.
332,lebat,jarang,gradabel/kontekstual,umum,menengah,Pasangan 'lebat' dan 'jarang' memiliki hubungan pertentangan makna dalam konteks umum.,Contoh: penggunaan kata 'lebat' disesuaikan dengan konteks kalimat.,Contoh: penggunaan kata 'jarang' disesuaikan dengan konteks kalimat.,Makna berlawanan dapat bergantung pada konteks dan ranah pemakaian.
333,rimbun,gundul,gradabel/kontekstual,umum,menengah,Pasangan 'rimbun' dan 'gundul' memiliki hubungan pertentangan makna dalam konteks umum.,Contoh: penggunaan kata 'rimbun' disesuaikan dengan konteks kalimat.,Contoh: penggunaan kata 'gundul' disesuaikan dengan konteks kalimat.,Makna berlawanan dapat bergantung pada konteks dan ranah pemakaian.
334,longgar,ketat,gradabel/kontekstual,umum,menengah,Pasangan 'longgar' dan 'ketat' memiliki hubungan pertentangan makna dalam konteks umum.,Contoh: penggunaan kata 'longgar' disesuaikan dengan konteks kalimat.,Contoh: penggunaan kata 'ketat' disesuaikan dengan konteks kalimat.,Makna berlawanan dapat bergantung pada konteks dan ranah pemakaian.
335,lapang,sesak,gradabel/kontekstual,umum,menengah,Pasangan 'lapang' dan 'sesak' memiliki hubungan pertentangan makna dalam konteks umum.,Contoh: penggunaan kata 'lapang' disesuaikan dengan konteks kalimat.,Contoh: penggunaan kata 'sesak' disesuaikan dengan konteks kalimat.,Makna berlawanan dapat bergantung pada konteks dan ranah pemakaian.
336,lega,sumpek,gradabel/kontekstual,umum,menengah,Pasangan 'lega' dan 'sumpek' memiliki hubungan pertentangan makna dalam konteks umum.,Contoh: penggunaan kata 'lega' disesuaikan dengan konteks kalimat.,Contoh: penggunaan kata 'sumpek' disesuaikan dengan konteks kalimat.,Makna berlawanan dapat bergantung pada konteks dan ranah pemakaian.
337,tenang,gaduh,gradabel/kontekstual,umum,menengah,Pasangan 'tenang' dan 'gaduh' memiliki hubungan pertentangan makna dalam konteks umum.,Contoh: penggunaan kata 'tenang' disesuaikan dengan konteks kalimat.,Contoh: penggunaan kata 'gaduh' disesuaikan dengan konteks kalimat.,Makna berlawanan dapat bergantung pada konteks dan ranah pemakaian.
338,sepi,bising,gradabel/kontekstual,umum,menengah,Pasangan 'sepi' dan 'bising' memiliki hubungan pertentangan makna dalam konteks umum.,Contoh: penggunaan kata 'sepi' disesuaikan dengan konteks kalimat.,Contoh: penggunaan kata 'bising' disesuaikan dengan konteks kalimat.,Makna berlawanan dapat bergantung pada konteks dan ranah pemakaian.
339,sunyi,ramai,gradabel/kontekstual,umum,menengah,Pasangan 'sunyi' dan 'ramai' memiliki hubungan pertentangan makna dalam konteks umum.,Contoh: penggunaan kata 'sunyi' disesuaikan dengan konteks kalimat.,Contoh: penggunaan kata 'ramai' disesuaikan dengan konteks kalimat.,Makna berlawanan dapat bergantung pada konteks dan ranah pemakaian.
340,hening,ribut,gradabel/kontekstual,umum,menengah,Pasangan 'hening' dan 'ribut' memiliki hubungan pertentangan makna dalam konteks umum.,Contoh: penggunaan kata 'hening' disesuaikan dengan konteks kalimat.,Contoh: penggunaan kata 'ribut' disesuaikan dengan konteks kalimat.,Makna berlawanan dapat bergantung pada konteks dan ranah pemakaian.
341,damai,ricuh,gradabel/kontekstual,umum,menengah,Pasangan 'damai' dan 'ricuh' memiliki hubungan pertentangan makna dalam konteks umum.,Contoh: penggunaan kata 'damai' disesuaikan dengan konteks kalimat.,Contoh: penggunaan kata 'ricuh' disesuaikan dengan konteks kalimat.,Makna berlawanan dapat bergantung pada konteks dan ranah pemakaian.
342,aman,rawan,gradabel/kontekstual,umum,menengah,Pasangan 'aman' dan 'rawan' memiliki hubungan pertentangan makna dalam konteks umum.,Contoh: penggunaan kata 'aman' disesuaikan dengan konteks kalimat.,Contoh: penggunaan kata 'rawan' disesuaikan dengan konteks kalimat.,Makna berlawanan dapat bergantung pada konteks dan ranah pemakaian.
343,tentram,kacau,gradabel/kontekstual,umum,menengah,Pasangan 'tentram' dan 'kacau' memiliki hubungan pertentangan makna dalam konteks umum.,Contoh: penggunaan kata 'tentram' disesuaikan dengan konteks kalimat.,Contoh: penggunaan kata 'kacau' disesuaikan dengan konteks kalimat.,Makna berlawanan dapat bergantung pada konteks dan ranah pemakaian.
344,tertib,berantakan,gradabel/kontekstual,umum,menengah,Pasangan 'tertib' dan 'berantakan' memiliki hubungan pertentangan makna dalam konteks umum.,Contoh: penggunaan kata 'tertib' disesuaikan dengan konteks kalimat.,Contoh: penggunaan kata 'berantakan' disesuaikan dengan konteks kalimat.,Makna berlawanan dapat bergantung pada konteks dan ranah pemakaian.
345,rapi,semrawut,gradabel/kontekstual,umum,menengah,Pasangan 'rapi' dan 'semrawut' memiliki hubungan pertentangan makna dalam konteks umum.,Contoh: penggunaan kata 'rapi' disesuaikan dengan konteks kalimat.,Contoh: penggunaan kata 'semrawut' disesuaikan dengan konteks kalimat.,Makna berlawanan dapat bergantung pada konteks dan ranah pemakaian.
346,bersih,kumuh,gradabel/kontekstual,umum,menengah,Pasangan 'bersih' dan 'kumuh' memiliki hubungan pertentangan makna dalam konteks umum.,Contoh: penggunaan kata 'bersih' disesuaikan dengan konteks kalimat.,Contoh: penggunaan kata 'kumuh' disesuaikan dengan konteks kalimat.,Makna berlawanan dapat bergantung pada konteks dan ranah pemakaian.
347,mewah,sederhana,gradabel/kontekstual,umum,menengah,Pasangan 'mewah' dan 'sederhana' memiliki hubungan pertentangan makna dalam konteks umum.,Contoh: penggunaan kata 'mewah' disesuaikan dengan konteks kalimat.,Contoh: penggunaan kata 'sederhana' disesuaikan dengan konteks kalimat.,Makna berlawanan dapat bergantung pada konteks dan ranah pemakaian.
348,megah,bersahaja,gradabel/kontekstual,hukum,menengah,Pasangan 'megah' dan 'bersahaja' memiliki hubungan pertentangan makna dalam konteks hukum.,Contoh: penggunaan kata 'megah' disesuaikan dengan konteks kalimat.,Contoh: penggunaan kata 'bersahaja' disesuaikan dengan konteks kalimat.,Makna berlawanan dapat bergantung pada konteks dan ranah pemakaian.
349,mahal,ekonomis,gradabel/kontekstual,umum,menengah,Pasangan 'mahal' dan 'ekonomis' memiliki hubungan pertentangan makna dalam konteks umum.,Contoh: penggunaan kata 'mahal' disesuaikan dengan konteks kalimat.,Contoh: penggunaan kata 'ekonomis' disesuaikan dengan konteks kalimat.,Makna berlawanan dapat bergantung pada konteks dan ranah pemakaian.
350,canggih,primitif,gradabel/kontekstual,umum,menengah,Pasangan 'canggih' dan 'primitif' memiliki hubungan pertentangan makna dalam konteks umum.,Contoh: penggunaan kata 'canggih' disesuaikan dengan konteks kalimat.,Contoh: penggunaan kata 'primitif' disesuaikan dengan konteks kalimat.,Makna berlawanan dapat bergantung pada konteks dan ranah pemakaian.
351,maju,tertinggal,direksional/reversif,umum,tinggi,Pasangan 'maju' dan 'tertinggal' memiliki hubungan pertentangan makna dalam konteks umum.,Contoh: penggunaan kata 'maju' disesuaikan dengan konteks kalimat.,Contoh: penggunaan kata 'tertinggal' disesuaikan dengan konteks kalimat.,Hubungan pertentangan makna relatif langsung.
352,pintar,dungu,gradabel/kontekstual,umum,menengah,Pasangan 'pintar' dan 'dungu' memiliki hubungan pertentangan makna dalam konteks umum.,Contoh: penggunaan kata 'pintar' disesuaikan dengan konteks kalimat.,Contoh: penggunaan kata 'dungu' disesuaikan dengan konteks kalimat.,Makna berlawanan dapat bergantung pada konteks dan ranah pemakaian.
353,cerdas,pandir,gradabel/kontekstual,umum,menengah,Pasangan 'cerdas' dan 'pandir' memiliki hubungan pertentangan makna dalam konteks umum.,Contoh: penggunaan kata 'cerdas' disesuaikan dengan konteks kalimat.,Contoh: penggunaan kata 'pandir' disesuaikan dengan konteks kalimat.,Makna berlawanan dapat bergantung pada konteks dan ranah pemakaian.
354,jenius,bodoh,gradabel/kontekstual,umum,menengah,Pasangan 'jenius' dan 'bodoh' memiliki hubungan pertentangan makna dalam konteks umum.,Contoh: penggunaan kata 'jenius' disesuaikan dengan konteks kalimat.,Contoh: penggunaan kata 'bodoh' disesuaikan dengan konteks kalimat.,Makna berlawanan dapat bergantung pada konteks dan ranah pemakaian.
355,adil,sewenang-wenang,gradabel/kontekstual,hukum,menengah,Pasangan 'adil' dan 'sewenang-wenang' memiliki hubungan pertentangan makna dalam konteks hukum.,Contoh: penggunaan kata 'adil' disesuaikan dengan konteks kalimat.,Contoh: penggunaan kata 'sewenang-wenang' disesuaikan dengan konteks kalimat.,Makna berlawanan dapat bergantung pada konteks dan ranah pemakaian.
356,jujur,culas,gradabel/kontekstual,umum,menengah,Pasangan 'jujur' dan 'culas' memiliki hubungan pertentangan makna dalam konteks umum.,Contoh: penggunaan kata 'jujur' disesuaikan dengan konteks kalimat.,Contoh: penggunaan kata 'culas' disesuaikan dengan konteks kalimat.,Makna berlawanan dapat bergantung pada konteks dan ranah pemakaian.
357,amanah,ingkar,gradabel/kontekstual,umum,menengah,Pasangan 'amanah' dan 'ingkar' memiliki hubungan pertentangan makna dalam konteks umum.,Contoh: penggunaan kata 'amanah' disesuaikan dengan konteks kalimat.,Contoh: penggunaan kata 'ingkar' disesuaikan dengan konteks kalimat.,Makna berlawanan dapat bergantung pada konteks dan ranah pemakaian.
358,sabar,pemarah,gradabel/kontekstual,umum,menengah,Pasangan 'sabar' dan 'pemarah' memiliki hubungan pertentangan makna dalam konteks umum.,Contoh: penggunaan kata 'sabar' disesuaikan dengan konteks kalimat.,Contoh: penggunaan kata 'pemarah' disesuaikan dengan konteks kalimat.,Makna berlawanan dapat bergantung pada konteks dan ranah pemakaian.
359,tawadhu,takabur,gradabel/kontekstual,umum,menengah,Pasangan 'tawadhu' dan 'takabur' memiliki hubungan pertentangan makna dalam konteks umum.,Contoh: penggunaan kata 'tawadhu' disesuaikan dengan konteks kalimat.,Contoh: penggunaan kata 'takabur' disesuaikan dengan konteks kalimat.,Makna berlawanan dapat bergantung pada konteks dan ranah pemakaian.
360,dermawan,kikir,gradabel/kontekstual,umum,menengah,Pasangan 'dermawan' dan 'kikir' memiliki hubungan pertentangan makna dalam konteks umum.,Contoh: penggunaan kata 'dermawan' disesuaikan dengan konteks kalimat.,Contoh: penggunaan kata 'kikir' disesuaikan dengan konteks kalimat.,Makna berlawanan dapat bergantung pada konteks dan ranah pemakaian.
361,pemurah,pelit,gradabel/kontekstual,umum,menengah,Pasangan 'pemurah' dan 'pelit' memiliki hubungan pertentangan makna dalam konteks umum.,Contoh: penggunaan kata 'pemurah' disesuaikan dengan konteks kalimat.,Contoh: penggunaan kata 'pelit' disesuaikan dengan konteks kalimat.,Makna berlawanan dapat bergantung pada konteks dan ranah pemakaian.
362,ramah,judes,gradabel/kontekstual,umum,menengah,Pasangan 'ramah' dan 'judes' memiliki hubungan pertentangan makna dalam konteks umum.,Contoh: penggunaan kata 'ramah' disesuaikan dengan konteks kalimat.,Contoh: penggunaan kata 'judes' disesuaikan dengan konteks kalimat.,Makna berlawanan dapat bergantung pada konteks dan ranah pemakaian.
363,santun,kasar,gradabel/kontekstual,umum,menengah,Pasangan 'santun' dan 'kasar' memiliki hubungan pertentangan makna dalam konteks umum.,Contoh: penggunaan kata 'santun' disesuaikan dengan konteks kalimat.,Contoh: penggunaan kata 'kasar' disesuaikan dengan konteks kalimat.,Makna berlawanan dapat bergantung pada konteks dan ranah pemakaian.
364,ada,tiada,komplementer,umum,tinggi,Pasangan 'ada' dan 'tiada' memiliki hubungan pertentangan makna dalam konteks umum.,Contoh: penggunaan kata 'ada' disesuaikan dengan konteks kalimat.,Contoh: penggunaan kata 'tiada' disesuaikan dengan konteks kalimat.,Hubungan pertentangan makna relatif langsung.
365,absen,hadir,komplementer,umum,tinggi,Pasangan 'absen' dan 'hadir' memiliki hubungan pertentangan makna dalam konteks umum.,Contoh: penggunaan kata 'absen' disesuaikan dengan konteks kalimat.,Contoh: penggunaan kata 'hadir' disesuaikan dengan konteks kalimat.,Hubungan pertentangan makna relatif langsung.
366,acak,teratur,gradabel/kontekstual,umum,menengah,Pasangan 'acak' dan 'teratur' memiliki hubungan pertentangan makna dalam konteks umum.,Contoh: penggunaan kata 'acak' disesuaikan dengan konteks kalimat.,Contoh: penggunaan kata 'teratur' disesuaikan dengan konteks kalimat.,Makna berlawanan dapat bergantung pada konteks dan ranah pemakaian.
367,adaptif,kaku,gradabel/kontekstual,umum,menengah,Pasangan 'adaptif' dan 'kaku' memiliki hubungan pertentangan makna dalam konteks umum.,Contoh: penggunaan kata 'adaptif' disesuaikan dengan konteks kalimat.,Contoh: penggunaan kata 'kaku' disesuaikan dengan konteks kalimat.,Makna berlawanan dapat bergantung pada konteks dan ranah pemakaian.
368,afirmatif,negatif,gradabel/kontekstual,umum,menengah,Pasangan 'afirmatif' dan 'negatif' memiliki hubungan pertentangan makna dalam konteks umum.,Contoh: penggunaan kata 'afirmatif' disesuaikan dengan konteks kalimat.,Contoh: penggunaan kata 'negatif' disesuaikan dengan konteks kalimat.,Makna berlawanan dapat bergantung pada konteks dan ranah pemakaian.
369,agresif,defensif,gradabel/kontekstual,umum,menengah,Pasangan 'agresif' dan 'defensif' memiliki hubungan pertentangan makna dalam konteks umum.,Contoh: penggunaan kata 'agresif' disesuaikan dengan konteks kalimat.,Contoh: penggunaan kata 'defensif' disesuaikan dengan konteks kalimat.,Makna berlawanan dapat bergantung pada konteks dan ranah pemakaian.
370,akurat,meleset,gradabel/kontekstual,umum,menengah,Pasangan 'akurat' dan 'meleset' memiliki hubungan pertentangan makna dalam konteks umum.,Contoh: penggunaan kata 'akurat' disesuaikan dengan konteks kalimat.,Contoh: penggunaan kata 'meleset' disesuaikan dengan konteks kalimat.,Makna berlawanan dapat bergantung pada konteks dan ranah pemakaian.
371,aktif,nonaktif,komplementer,teknologi,tinggi,Pasangan 'aktif' dan 'nonaktif' memiliki hubungan pertentangan makna dalam konteks teknologi.,Contoh: penggunaan kata 'aktif' disesuaikan dengan konteks kalimat.,Contoh: penggunaan kata 'nonaktif' disesuaikan dengan konteks kalimat.,Hubungan pertentangan makna relatif langsung.
372,aktual,usang,gradabel/kontekstual,umum,menengah,Pasangan 'aktual' dan 'usang' memiliki hubungan pertentangan makna dalam konteks umum.,Contoh: penggunaan kata 'aktual' disesuaikan dengan konteks kalimat.,Contoh: penggunaan kata 'usang' disesuaikan dengan konteks kalimat.,Makna berlawanan dapat bergantung pada konteks dan ranah pemakaian.
373,alami,buatan,gradabel/kontekstual,umum,menengah,Pasangan 'alami' dan 'buatan' memiliki hubungan pertentangan makna dalam konteks umum.,Contoh: penggunaan kata 'alami' disesuaikan dengan konteks kalimat.,Contoh: penggunaan kata 'buatan' disesuaikan dengan konteks kalimat.,Makna berlawanan dapat bergantung pada konteks dan ranah pemakaian.
374,ambigu,tegas,gradabel/kontekstual,umum,menengah,Pasangan 'ambigu' dan 'tegas' memiliki hubungan pertentangan makna dalam konteks umum.,Contoh: penggunaan kata 'ambigu' disesuaikan dengan konteks kalimat.,Contoh: penggunaan kata 'tegas' disesuaikan dengan konteks kalimat.,Makna berlawanan dapat bergantung pada konteks dan ranah pemakaian.
375,anonim,bernama,gradabel/kontekstual,umum,menengah,Pasangan 'anonim' dan 'bernama' memiliki hubungan pertentangan makna dalam konteks umum.,Contoh: penggunaan kata 'anonim' disesuaikan dengan konteks kalimat.,Contoh: penggunaan kata 'bernama' disesuaikan dengan konteks kalimat.,Makna berlawanan dapat bergantung pada konteks dan ranah pemakaian.
376,antagonis,protagonis,gradabel/kontekstual,umum,menengah,Pasangan 'antagonis' dan 'protagonis' memiliki hubungan pertentangan makna dalam konteks umum.,Contoh: penggunaan kata 'antagonis' disesuaikan dengan konteks kalimat.,Contoh: penggunaan kata 'protagonis' disesuaikan dengan konteks kalimat.,Makna berlawanan dapat bergantung pada konteks dan ranah pemakaian.
377,apatis,peduli,gradabel/kontekstual,umum,menengah,Pasangan 'apatis' dan 'peduli' memiliki hubungan pertentangan makna dalam konteks umum.,Contoh: penggunaan kata 'apatis' disesuaikan dengan konteks kalimat.,Contoh: penggunaan kata 'peduli' disesuaikan dengan konteks kalimat.,Makna berlawanan dapat bergantung pada konteks dan ranah pemakaian.
378,apresiasi,celaan,gradabel/kontekstual,umum,menengah,Pasangan 'apresiasi' dan 'celaan' memiliki hubungan pertentangan makna dalam konteks umum.,Contoh: penggunaan kata 'apresiasi' disesuaikan dengan konteks kalimat.,Contoh: penggunaan kata 'celaan' disesuaikan dengan konteks kalimat.,Makna berlawanan dapat bergantung pada konteks dan ranah pemakaian.
379,bahari,darat,gradabel/kontekstual,umum,menengah,Pasangan 'bahari' dan 'darat' memiliki hubungan pertentangan makna dalam konteks umum.,Contoh: penggunaan kata 'bahari' disesuaikan dengan konteks kalimat.,Contoh: penggunaan kata 'darat' disesuaikan dengan konteks kalimat.,Makna berlawanan dapat bergantung pada konteks dan ranah pemakaian.
380,baku,tidak baku,gradabel/kontekstual,umum,menengah,Pasangan 'baku' dan 'tidak baku' memiliki hubungan pertentangan makna dalam konteks umum.,Contoh: penggunaan kata 'baku' disesuaikan dengan konteks kalimat.,Contoh: penggunaan kata 'tidak baku' disesuaikan dengan konteks kalimat.,Makna berlawanan dapat bergantung pada konteks dan ranah pemakaian.
381,beradab,biadab,gradabel/kontekstual,umum,menengah,Pasangan 'beradab' dan 'biadab' memiliki hubungan pertentangan makna dalam konteks umum.,Contoh: penggunaan kata 'beradab' disesuaikan dengan konteks kalimat.,Contoh: penggunaan kata 'biadab' disesuaikan dengan konteks kalimat.,Makna berlawanan dapat bergantung pada konteks dan ranah pemakaian.
382,berangkat,tiba,gradabel/kontekstual,umum,menengah,Pasangan 'berangkat' dan 'tiba' memiliki hubungan pertentangan makna dalam konteks umum.,Contoh: penggunaan kata 'berangkat' disesuaikan dengan konteks kalimat.,Contoh: penggunaan kata 'tiba' disesuaikan dengan konteks kalimat.,Makna berlawanan dapat bergantung pada konteks dan ranah pemakaian.
383,berhasil,gagal,komplementer,umum,tinggi,Pasangan 'berhasil' dan 'gagal' memiliki hubungan pertentangan makna dalam konteks umum.,Contoh: penggunaan kata 'berhasil' disesuaikan dengan konteks kalimat.,Contoh: penggunaan kata 'gagal' disesuaikan dengan konteks kalimat.,Hubungan pertentangan makna relatif langsung.
384,berimbang,timpang,gradabel/kontekstual,umum,menengah,Pasangan 'berimbang' dan 'timpang' memiliki hubungan pertentangan makna dalam konteks umum.,Contoh: penggunaan kata 'berimbang' disesuaikan dengan konteks kalimat.,Contoh: penggunaan kata 'timpang' disesuaikan dengan konteks kalimat.,Makna berlawanan dapat bergantung pada konteks dan ranah pemakaian.
385,berisik,hening,gradabel/kontekstual,umum,menengah,Pasangan 'berisik' dan 'hening' memiliki hubungan pertentangan makna dalam konteks umum.,Contoh: penggunaan kata 'berisik' disesuaikan dengan konteks kalimat.,Contoh: penggunaan kata 'hening' disesuaikan dengan konteks kalimat.,Makna berlawanan dapat bergantung pada konteks dan ranah pemakaian.
386,berisi,kosong,gradabel/kontekstual,umum,menengah,Pasangan 'berisi' dan 'kosong' memiliki hubungan pertentangan makna dalam konteks umum.,Contoh: penggunaan kata 'berisi' disesuaikan dengan konteks kalimat.,Contoh: penggunaan kata 'kosong' disesuaikan dengan konteks kalimat.,Makna berlawanan dapat bergantung pada konteks dan ranah pemakaian.
387,berkelanjutan,terputus,gradabel/kontekstual,umum,menengah,Pasangan 'berkelanjutan' dan 'terputus' memiliki hubungan pertentangan makna dalam konteks umum.,Contoh: penggunaan kata 'berkelanjutan' disesuaikan dengan konteks kalimat.,Contoh: penggunaan kata 'terputus' disesuaikan dengan konteks kalimat.,Makna berlawanan dapat bergantung pada konteks dan ranah pemakaian.
388,berlebihan,kekurangan,gradabel/kontekstual,umum,menengah,Pasangan 'berlebihan' dan 'kekurangan' memiliki hubungan pertentangan makna dalam konteks umum.,Contoh: penggunaan kata 'berlebihan' disesuaikan dengan konteks kalimat.,Contoh: penggunaan kata 'kekurangan' disesuaikan dengan konteks kalimat.,Makna berlawanan dapat bergantung pada konteks dan ranah pemakaian.
389,bermanfaat,mudarat,gradabel/kontekstual,umum,menengah,Pasangan 'bermanfaat' dan 'mudarat' memiliki hubungan pertentangan makna dalam konteks umum.,Contoh: penggunaan kata 'bermanfaat' disesuaikan dengan konteks kalimat.,Contoh: penggunaan kata 'mudarat' disesuaikan dengan konteks kalimat.,Makna berlawanan dapat bergantung pada konteks dan ranah pemakaian.
390,bernilai,tidak bernilai,gradabel/kontekstual,umum,menengah,Pasangan 'bernilai' dan 'tidak bernilai' memiliki hubungan pertentangan makna dalam konteks umum.,Contoh: penggunaan kata 'bernilai' disesuaikan dengan konteks kalimat.,Contoh: penggunaan kata 'tidak bernilai' disesuaikan dengan konteks kalimat.,Makna berlawanan dapat bergantung pada konteks dan ranah pemakaian.
391,berpihak,netral,gradabel/kontekstual,umum,menengah,Pasangan 'berpihak' dan 'netral' memiliki hubungan pertentangan makna dalam konteks umum.,Contoh: penggunaan kata 'berpihak' disesuaikan dengan konteks kalimat.,Contoh: penggunaan kata 'netral' disesuaikan dengan konteks kalimat.,Makna berlawanan dapat bergantung pada konteks dan ranah pemakaian.
392,bersyarat,tanpa syarat,gradabel/kontekstual,umum,menengah,Pasangan 'bersyarat' dan 'tanpa syarat' memiliki hubungan pertentangan makna dalam konteks umum.,Contoh: penggunaan kata 'bersyarat' disesuaikan dengan konteks kalimat.,Contoh: penggunaan kata 'tanpa syarat' disesuaikan dengan konteks kalimat.,Makna berlawanan dapat bergantung pada konteks dan ranah pemakaian.
393,bertambah,berkurang,gradabel/kontekstual,umum,menengah,Pasangan 'bertambah' dan 'berkurang' memiliki hubungan pertentangan makna dalam konteks umum.,Contoh: penggunaan kata 'bertambah' disesuaikan dengan konteks kalimat.,Contoh: penggunaan kata 'berkurang' disesuaikan dengan konteks kalimat.,Makna berlawanan dapat bergantung pada konteks dan ranah pemakaian.
394,berubah,tetap,gradabel/kontekstual,umum,menengah,Pasangan 'berubah' dan 'tetap' memiliki hubungan pertentangan makna dalam konteks umum.,Contoh: penggunaan kata 'berubah' disesuaikan dengan konteks kalimat.,Contoh: penggunaan kata 'tetap' disesuaikan dengan konteks kalimat.,Makna berlawanan dapat bergantung pada konteks dan ranah pemakaian.
395,beruntung,malang,gradabel/kontekstual,umum,menengah,Pasangan 'beruntung' dan 'malang' memiliki hubungan pertentangan makna dalam konteks umum.,Contoh: penggunaan kata 'beruntung' disesuaikan dengan konteks kalimat.,Contoh: penggunaan kata 'malang' disesuaikan dengan konteks kalimat.,Makna berlawanan dapat bergantung pada konteks dan ranah pemakaian.
396,bising,senyap,gradabel/kontekstual,umum,menengah,Pasangan 'bising' dan 'senyap' memiliki hubungan pertentangan makna dalam konteks umum.,Contoh: penggunaan kata 'bising' disesuaikan dengan konteks kalimat.,Contoh: penggunaan kata 'senyap' disesuaikan dengan konteks kalimat.,Makna berlawanan dapat bergantung pada konteks dan ranah pemakaian.
397,boros,irit,gradabel/kontekstual,umum,menengah,Pasangan 'boros' dan 'irit' memiliki hubungan pertentangan makna dalam konteks umum.,Contoh: penggunaan kata 'boros' disesuaikan dengan konteks kalimat.,Contoh: penggunaan kata 'irit' disesuaikan dengan konteks kalimat.,Makna berlawanan dapat bergantung pada konteks dan ranah pemakaian.
398,buram,tajam,gradabel/kontekstual,umum,menengah,Pasangan 'buram' dan 'tajam' memiliki hubungan pertentangan makna dalam konteks umum.,Contoh: penggunaan kata 'buram' disesuaikan dengan konteks kalimat.,Contoh: penggunaan kata 'tajam' disesuaikan dengan konteks kalimat.,Makna berlawanan dapat bergantung pada konteks dan ranah pemakaian.
399,cair,membeku,gradabel/kontekstual,umum,menengah,Pasangan 'cair' dan 'membeku' memiliki hubungan pertentangan makna dalam konteks umum.,Contoh: penggunaan kata 'cair' disesuaikan dengan konteks kalimat.,Contoh: penggunaan kata 'membeku' disesuaikan dengan konteks kalimat.,Makna berlawanan dapat bergantung pada konteks dan ranah pemakaian.
400,cepat,pelan,gradabel/kontekstual,umum,menengah,Pasangan 'cepat' dan 'pelan' memiliki hubungan pertentangan makna dalam konteks umum.,Contoh: penggunaan kata 'cepat' disesuaikan dengan konteks kalimat.,Contoh: penggunaan kata 'pelan' disesuaikan dengan konteks kalimat.,Makna berlawanan dapat bergantung pada konteks dan ranah pemakaian.
401,cerah,mendung,gradabel/kontekstual,umum,menengah,Pasangan 'cerah' dan 'mendung' memiliki hubungan pertentangan makna dalam konteks umum.,Contoh: penggunaan kata 'cerah' disesuaikan dengan konteks kalimat.,Contoh: penggunaan kata 'mendung' disesuaikan dengan konteks kalimat.,Makna berlawanan dapat bergantung pada konteks dan ranah pemakaian.
402,cermat,sembrono,gradabel/kontekstual,umum,menengah,Pasangan 'cermat' dan 'sembrono' memiliki hubungan pertentangan makna dalam konteks umum.,Contoh: penggunaan kata 'cermat' disesuaikan dengan konteks kalimat.,Contoh: penggunaan kata 'sembrono' disesuaikan dengan konteks kalimat.,Makna berlawanan dapat bergantung pada konteks dan ranah pemakaian.
403,cocok,bertentangan,gradabel/kontekstual,umum,menengah,Pasangan 'cocok' dan 'bertentangan' memiliki hubungan pertentangan makna dalam konteks umum.,Contoh: penggunaan kata 'cocok' disesuaikan dengan konteks kalimat.,Contoh: penggunaan kata 'bertentangan' disesuaikan dengan konteks kalimat.,Makna berlawanan dapat bergantung pada konteks dan ranah pemakaian.
404,cukup,kurang,gradabel/kontekstual,umum,menengah,Pasangan 'cukup' dan 'kurang' memiliki hubungan pertentangan makna dalam konteks umum.,Contoh: penggunaan kata 'cukup' disesuaikan dengan konteks kalimat.,Contoh: penggunaan kata 'kurang' disesuaikan dengan konteks kalimat.,Makna berlawanan dapat bergantung pada konteks dan ranah pemakaian.
405,damai,bermusuhan,gradabel/kontekstual,umum,menengah,Pasangan 'damai' dan 'bermusuhan' memiliki hubungan pertentangan makna dalam konteks umum.,Contoh: penggunaan kata 'damai' disesuaikan dengan konteks kalimat.,Contoh: penggunaan kata 'bermusuhan' disesuaikan dengan konteks kalimat.,Makna berlawanan dapat bergantung pada konteks dan ranah pemakaian.
406,dangkal,mendalam,gradabel/kontekstual,umum,menengah,Pasangan 'dangkal' dan 'mendalam' memiliki hubungan pertentangan makna dalam konteks umum.,Contoh: penggunaan kata 'dangkal' disesuaikan dengan konteks kalimat.,Contoh: penggunaan kata 'mendalam' disesuaikan dengan konteks kalimat.,Makna berlawanan dapat bergantung pada konteks dan ranah pemakaian.
407,demokratis,otoriter,gradabel/kontekstual,sosial dan politik,menengah,Pasangan 'demokratis' dan 'otoriter' memiliki hubungan pertentangan makna dalam konteks sosial dan politik.,Contoh: penggunaan kata 'demokratis' disesuaikan dengan konteks kalimat.,Contoh: penggunaan kata 'otoriter' disesuaikan dengan konteks kalimat.,Makna berlawanan dapat bergantung pada konteks dan ranah pemakaian.
408,dinamis,statis,gradabel/kontekstual,umum,menengah,Pasangan 'dinamis' dan 'statis' memiliki hubungan pertentangan makna dalam konteks umum.,Contoh: penggunaan kata 'dinamis' disesuaikan dengan konteks kalimat.,Contoh: penggunaan kata 'statis' disesuaikan dengan konteks kalimat.,Makna berlawanan dapat bergantung pada konteks dan ranah pemakaian.
409,diskrit,kontinu,gradabel/kontekstual,umum,menengah,Pasangan 'diskrit' dan 'kontinu' memiliki hubungan pertentangan makna dalam konteks umum.,Contoh: penggunaan kata 'diskrit' disesuaikan dengan konteks kalimat.,Contoh: penggunaan kata 'kontinu' disesuaikan dengan konteks kalimat.,Makna berlawanan dapat bergantung pada konteks dan ranah pemakaian.
410,dominan,resesif,gradabel/kontekstual,umum,menengah,Pasangan 'dominan' dan 'resesif' memiliki hubungan pertentangan makna dalam konteks umum.,Contoh: penggunaan kata 'dominan' disesuaikan dengan konteks kalimat.,Contoh: penggunaan kata 'resesif' disesuaikan dengan konteks kalimat.,Makna berlawanan dapat bergantung pada konteks dan ranah pemakaian.
411,duka,sukacita,gradabel/kontekstual,umum,menengah,Pasangan 'duka' dan 'sukacita' memiliki hubungan pertentangan makna dalam konteks umum.,Contoh: penggunaan kata 'duka' disesuaikan dengan konteks kalimat.,Contoh: penggunaan kata 'sukacita' disesuaikan dengan konteks kalimat.,Makna berlawanan dapat bergantung pada konteks dan ranah pemakaian.
412,efisien,boros,gradabel/kontekstual,umum,menengah,Pasangan 'efisien' dan 'boros' memiliki hubungan pertentangan makna dalam konteks umum.,Contoh: penggunaan kata 'efisien' disesuaikan dengan konteks kalimat.,Contoh: penggunaan kata 'boros' disesuaikan dengan konteks kalimat.,Makna berlawanan dapat bergantung pada konteks dan ranah pemakaian.
413,ekspansif,kontraktif,gradabel/kontekstual,teknologi,menengah,Pasangan 'ekspansif' dan 'kontraktif' memiliki hubungan pertentangan makna dalam konteks teknologi.,Contoh: penggunaan kata 'ekspansif' disesuaikan dengan konteks kalimat.,Contoh: penggunaan kata 'kontraktif' disesuaikan dengan konteks kalimat.,Makna berlawanan dapat bergantung pada konteks dan ranah pemakaian.
414,eksplisit,implisit,gradabel/kontekstual,umum,menengah,Pasangan 'eksplisit' dan 'implisit' memiliki hubungan pertentangan makna dalam konteks umum.,Contoh: penggunaan kata 'eksplisit' disesuaikan dengan konteks kalimat.,Contoh: penggunaan kata 'implisit' disesuaikan dengan konteks kalimat.,Makna berlawanan dapat bergantung pada konteks dan ranah pemakaian.
415,eksternal,internal,gradabel/kontekstual,umum,menengah,Pasangan 'eksternal' dan 'internal' memiliki hubungan pertentangan makna dalam konteks umum.,Contoh: penggunaan kata 'eksternal' disesuaikan dengan konteks kalimat.,Contoh: penggunaan kata 'internal' disesuaikan dengan konteks kalimat.,Makna berlawanan dapat bergantung pada konteks dan ranah pemakaian.
416,ekstrover,introver,gradabel/kontekstual,umum,menengah,Pasangan 'ekstrover' dan 'introver' memiliki hubungan pertentangan makna dalam konteks umum.,Contoh: penggunaan kata 'ekstrover' disesuaikan dengan konteks kalimat.,Contoh: penggunaan kata 'introver' disesuaikan dengan konteks kalimat.,Makna berlawanan dapat bergantung pada konteks dan ranah pemakaian.
417,elastis,kaku,gradabel/kontekstual,umum,menengah,Pasangan 'elastis' dan 'kaku' memiliki hubungan pertentangan makna dalam konteks umum.,Contoh: penggunaan kata 'elastis' disesuaikan dengan konteks kalimat.,Contoh: penggunaan kata 'kaku' disesuaikan dengan konteks kalimat.,Makna berlawanan dapat bergantung pada konteks dan ranah pemakaian.
418,emosional,rasional,gradabel/kontekstual,umum,menengah,Pasangan 'emosional' dan 'rasional' memiliki hubungan pertentangan makna dalam konteks umum.,Contoh: penggunaan kata 'emosional' disesuaikan dengan konteks kalimat.,Contoh: penggunaan kata 'rasional' disesuaikan dengan konteks kalimat.,Makna berlawanan dapat bergantung pada konteks dan ranah pemakaian.
419,empiris,teoretis,gradabel/kontekstual,umum,menengah,Pasangan 'empiris' dan 'teoretis' memiliki hubungan pertentangan makna dalam konteks umum.,Contoh: penggunaan kata 'empiris' disesuaikan dengan konteks kalimat.,Contoh: penggunaan kata 'teoretis' disesuaikan dengan konteks kalimat.,Makna berlawanan dapat bergantung pada konteks dan ranah pemakaian.
420,enteng,berat,gradabel/kontekstual,umum,menengah,Pasangan 'enteng' dan 'berat' memiliki hubungan pertentangan makna dalam konteks umum.,Contoh: penggunaan kata 'enteng' disesuaikan dengan konteks kalimat.,Contoh: penggunaan kata 'berat' disesuaikan dengan konteks kalimat.,Makna berlawanan dapat bergantung pada konteks dan ranah pemakaian.
421,formal,informal,gradabel/kontekstual,umum,menengah,Pasangan 'formal' dan 'informal' memiliki hubungan pertentangan makna dalam konteks umum.,Contoh: penggunaan kata 'formal' disesuaikan dengan konteks kalimat.,Contoh: penggunaan kata 'informal' disesuaikan dengan konteks kalimat.,Makna berlawanan dapat bergantung pada konteks dan ranah pemakaian.
422,frontal,lateral,gradabel/kontekstual,umum,menengah,Pasangan 'frontal' dan 'lateral' memiliki hubungan pertentangan makna dalam konteks umum.,Contoh: penggunaan kata 'frontal' disesuaikan dengan konteks kalimat.,Contoh: penggunaan kata 'lateral' disesuaikan dengan konteks kalimat.,Makna berlawanan dapat bergantung pada konteks dan ranah pemakaian.
423,global,parsial,gradabel/kontekstual,umum,menengah,Pasangan 'global' dan 'parsial' memiliki hubungan pertentangan makna dalam konteks umum.,Contoh: penggunaan kata 'global' disesuaikan dengan konteks kalimat.,Contoh: penggunaan kata 'parsial' disesuaikan dengan konteks kalimat.,Makna berlawanan dapat bergantung pada konteks dan ranah pemakaian.
424,horizontal,vertikal,gradabel/kontekstual,umum,menengah,Pasangan 'horizontal' dan 'vertikal' memiliki hubungan pertentangan makna dalam konteks umum.,Contoh: penggunaan kata 'horizontal' disesuaikan dengan konteks kalimat.,Contoh: penggunaan kata 'vertikal' disesuaikan dengan konteks kalimat.,Makna berlawanan dapat bergantung pada konteks dan ranah pemakaian.
425,ideal,nyata,gradabel/kontekstual,umum,menengah,Pasangan 'ideal' dan 'nyata' memiliki hubungan pertentangan makna dalam konteks umum.,Contoh: penggunaan kata 'ideal' disesuaikan dengan konteks kalimat.,Contoh: penggunaan kata 'nyata' disesuaikan dengan konteks kalimat.,Makna berlawanan dapat bergantung pada konteks dan ranah pemakaian.
426,identik,berbeda,gradabel/kontekstual,umum,menengah,Pasangan 'identik' dan 'berbeda' memiliki hubungan pertentangan makna dalam konteks umum.,Contoh: penggunaan kata 'identik' disesuaikan dengan konteks kalimat.,Contoh: penggunaan kata 'berbeda' disesuaikan dengan konteks kalimat.,Makna berlawanan dapat bergantung pada konteks dan ranah pemakaian.
427,ilegal,legal,komplementer,hukum,tinggi,Pasangan 'ilegal' dan 'legal' memiliki hubungan pertentangan makna dalam konteks hukum.,Contoh: penggunaan kata 'ilegal' disesuaikan dengan konteks kalimat.,Contoh: penggunaan kata 'legal' disesuaikan dengan konteks kalimat.,Hubungan pertentangan makna relatif langsung.
428,inklusif,eksklusif,gradabel/kontekstual,umum,menengah,Pasangan 'inklusif' dan 'eksklusif' memiliki hubungan pertentangan makna dalam konteks umum.,Contoh: penggunaan kata 'inklusif' disesuaikan dengan konteks kalimat.,Contoh: penggunaan kata 'eksklusif' disesuaikan dengan konteks kalimat.,Makna berlawanan dapat bergantung pada konteks dan ranah pemakaian.
429,input,output,relasional,teknologi,menengah,Pasangan 'input' dan 'output' memiliki hubungan pertentangan makna dalam konteks teknologi.,Contoh: penggunaan kata 'input' disesuaikan dengan konteks kalimat.,Contoh: penggunaan kata 'output' disesuaikan dengan konteks kalimat.,Makna berlawanan dapat bergantung pada konteks dan ranah pemakaian.
430,insentif,disinsentif,gradabel/kontekstual,umum,menengah,Pasangan 'insentif' dan 'disinsentif' memiliki hubungan pertentangan makna dalam konteks umum.,Contoh: penggunaan kata 'insentif' disesuaikan dengan konteks kalimat.,Contoh: penggunaan kata 'disinsentif' disesuaikan dengan konteks kalimat.,Makna berlawanan dapat bergantung pada konteks dan ranah pemakaian.
431,intensif,ekstensif,gradabel/kontekstual,umum,menengah,Pasangan 'intensif' dan 'ekstensif' memiliki hubungan pertentangan makna dalam konteks umum.,Contoh: penggunaan kata 'intensif' disesuaikan dengan konteks kalimat.,Contoh: penggunaan kata 'ekstensif' disesuaikan dengan konteks kalimat.,Makna berlawanan dapat bergantung pada konteks dan ranah pemakaian.
432,jinak,liar,gradabel/kontekstual,umum,menengah,Pasangan 'jinak' dan 'liar' memiliki hubungan pertentangan makna dalam konteks umum.,Contoh: penggunaan kata 'jinak' disesuaikan dengan konteks kalimat.,Contoh: penggunaan kata 'liar' disesuaikan dengan konteks kalimat.,Makna berlawanan dapat bergantung pada konteks dan ranah pemakaian.
433,kapital,nonkapital,gradabel/kontekstual,umum,menengah,Pasangan 'kapital' dan 'nonkapital' memiliki hubungan pertentangan makna dalam konteks umum.,Contoh: penggunaan kata 'kapital' disesuaikan dengan konteks kalimat.,Contoh: penggunaan kata 'nonkapital' disesuaikan dengan konteks kalimat.,Makna berlawanan dapat bergantung pada konteks dan ranah pemakaian.
434,kasar,lembut,gradabel/kontekstual,umum,menengah,Pasangan 'kasar' dan 'lembut' memiliki hubungan pertentangan makna dalam konteks umum.,Contoh: penggunaan kata 'kasar' disesuaikan dengan konteks kalimat.,Contoh: penggunaan kata 'lembut' disesuaikan dengan konteks kalimat.,Makna berlawanan dapat bergantung pada konteks dan ranah pemakaian.
435,kencang,kendur,gradabel/kontekstual,umum,menengah,Pasangan 'kencang' dan 'kendur' memiliki hubungan pertentangan makna dalam konteks umum.,Contoh: penggunaan kata 'kencang' disesuaikan dengan konteks kalimat.,Contoh: penggunaan kata 'kendur' disesuaikan dengan konteks kalimat.,Makna berlawanan dapat bergantung pada konteks dan ranah pemakaian.
436,kental,encer,gradabel/kontekstual,umum,menengah,Pasangan 'kental' dan 'encer' memiliki hubungan pertentangan makna dalam konteks umum.,Contoh: penggunaan kata 'kental' disesuaikan dengan konteks kalimat.,Contoh: penggunaan kata 'encer' disesuaikan dengan konteks kalimat.,Makna berlawanan dapat bergantung pada konteks dan ranah pemakaian.
437,kering,lembap,gradabel/kontekstual,umum,menengah,Pasangan 'kering' dan 'lembap' memiliki hubungan pertentangan makna dalam konteks umum.,Contoh: penggunaan kata 'kering' disesuaikan dengan konteks kalimat.,Contoh: penggunaan kata 'lembap' disesuaikan dengan konteks kalimat.,Makna berlawanan dapat bergantung pada konteks dan ranah pemakaian.
438,kompleks,sederhana,gradabel/kontekstual,umum,menengah,Pasangan 'kompleks' dan 'sederhana' memiliki hubungan pertentangan makna dalam konteks umum.,Contoh: penggunaan kata 'kompleks' disesuaikan dengan konteks kalimat.,Contoh: penggunaan kata 'sederhana' disesuaikan dengan konteks kalimat.,Makna berlawanan dapat bergantung pada konteks dan ranah pemakaian.
439,konservatif,progresif,gradabel/kontekstual,umum,menengah,Pasangan 'konservatif' dan 'progresif' memiliki hubungan pertentangan makna dalam konteks umum.,Contoh: penggunaan kata 'konservatif' disesuaikan dengan konteks kalimat.,Contoh: penggunaan kata 'progresif' disesuaikan dengan konteks kalimat.,Makna berlawanan dapat bergantung pada konteks dan ranah pemakaian.
440,konstan,berubah,gradabel/kontekstual,umum,menengah,Pasangan 'konstan' dan 'berubah' memiliki hubungan pertentangan makna dalam konteks umum.,Contoh: penggunaan kata 'konstan' disesuaikan dengan konteks kalimat.,Contoh: penggunaan kata 'berubah' disesuaikan dengan konteks kalimat.,Makna berlawanan dapat bergantung pada konteks dan ranah pemakaian.
441,konstruktif,destruktif,gradabel/kontekstual,umum,menengah,Pasangan 'konstruktif' dan 'destruktif' memiliki hubungan pertentangan makna dalam konteks umum.,Contoh: penggunaan kata 'konstruktif' disesuaikan dengan konteks kalimat.,Contoh: penggunaan kata 'destruktif' disesuaikan dengan konteks kalimat.,Makna berlawanan dapat bergantung pada konteks dan ranah pemakaian.
442,kontan,kredit,relasional,ekonomi,menengah,Pasangan 'kontan' dan 'kredit' memiliki hubungan pertentangan makna dalam konteks ekonomi.,Contoh: penggunaan kata 'kontan' disesuaikan dengan konteks kalimat.,Contoh: penggunaan kata 'kredit' disesuaikan dengan konteks kalimat.,Makna berlawanan dapat bergantung pada konteks dan ranah pemakaian.
443,konvergen,divergen,gradabel/kontekstual,umum,menengah,Pasangan 'konvergen' dan 'divergen' memiliki hubungan pertentangan makna dalam konteks umum.,Contoh: penggunaan kata 'konvergen' disesuaikan dengan konteks kalimat.,Contoh: penggunaan kata 'divergen' disesuaikan dengan konteks kalimat.,Makna berlawanan dapat bergantung pada konteks dan ranah pemakaian.
444,korup,bersih,gradabel/kontekstual,umum,menengah,Pasangan 'korup' dan 'bersih' memiliki hubungan pertentangan makna dalam konteks umum.,Contoh: penggunaan kata 'korup' disesuaikan dengan konteks kalimat.,Contoh: penggunaan kata 'bersih' disesuaikan dengan konteks kalimat.,Makna berlawanan dapat bergantung pada konteks dan ranah pemakaian.
445,kritis,pasif,gradabel/kontekstual,umum,menengah,Pasangan 'kritis' dan 'pasif' memiliki hubungan pertentangan makna dalam konteks umum.,Contoh: penggunaan kata 'kritis' disesuaikan dengan konteks kalimat.,Contoh: penggunaan kata 'pasif' disesuaikan dengan konteks kalimat.,Makna berlawanan dapat bergantung pada konteks dan ranah pemakaian.
446,legal,melanggar hukum,komplementer,hukum,tinggi,Pasangan 'legal' dan 'melanggar hukum' memiliki hubungan pertentangan makna dalam konteks hukum.,Contoh: penggunaan kata 'legal' disesuaikan dengan konteks kalimat.,Contoh: penggunaan kata 'melanggar hukum' disesuaikan dengan konteks kalimat.,Hubungan pertentangan makna relatif langsung.
447,lena,waspada,gradabel/kontekstual,umum,menengah,Pasangan 'lena' dan 'waspada' memiliki hubungan pertentangan makna dalam konteks umum.,Contoh: penggunaan kata 'lena' disesuaikan dengan konteks kalimat.,Contoh: penggunaan kata 'waspada' disesuaikan dengan konteks kalimat.,Makna berlawanan dapat bergantung pada konteks dan ranah pemakaian.
448,lengkap,kurang lengkap,gradabel/kontekstual,umum,menengah,Pasangan 'lengkap' dan 'kurang lengkap' memiliki hubungan pertentangan makna dalam konteks umum.,Contoh: penggunaan kata 'lengkap' disesuaikan dengan konteks kalimat.,Contoh: penggunaan kata 'kurang lengkap' disesuaikan dengan konteks kalimat.,Makna berlawanan dapat bergantung pada konteks dan ranah pemakaian.
449,lentur,kaku,gradabel/kontekstual,umum,menengah,Pasangan 'lentur' dan 'kaku' memiliki hubungan pertentangan makna dalam konteks umum.,Contoh: penggunaan kata 'lentur' disesuaikan dengan konteks kalimat.,Contoh: penggunaan kata 'kaku' disesuaikan dengan konteks kalimat.,Makna berlawanan dapat bergantung pada konteks dan ranah pemakaian.
450,liberal,restriktif,gradabel/kontekstual,umum,menengah,Pasangan 'liberal' dan 'restriktif' memiliki hubungan pertentangan makna dalam konteks umum.,Contoh: penggunaan kata 'liberal' disesuaikan dengan konteks kalimat.,Contoh: penggunaan kata 'restriktif' disesuaikan dengan konteks kalimat.,Makna berlawanan dapat bergantung pada konteks dan ranah pemakaian.
451,lisan,tertulis,gradabel/kontekstual,umum,menengah,Pasangan 'lisan' dan 'tertulis' memiliki hubungan pertentangan makna dalam konteks umum.,Contoh: penggunaan kata 'lisan' disesuaikan dengan konteks kalimat.,Contoh: penggunaan kata 'tertulis' disesuaikan dengan konteks kalimat.,Makna berlawanan dapat bergantung pada konteks dan ranah pemakaian.
452,logis,tidak logis,gradabel/kontekstual,umum,menengah,Pasangan 'logis' dan 'tidak logis' memiliki hubungan pertentangan makna dalam konteks umum.,Contoh: penggunaan kata 'logis' disesuaikan dengan konteks kalimat.,Contoh: penggunaan kata 'tidak logis' disesuaikan dengan konteks kalimat.,Makna berlawanan dapat bergantung pada konteks dan ranah pemakaian.
453,makro,mikro,gradabel/kontekstual,umum,menengah,Pasangan 'makro' dan 'mikro' memiliki hubungan pertentangan makna dalam konteks umum.,Contoh: penggunaan kata 'makro' disesuaikan dengan konteks kalimat.,Contoh: penggunaan kata 'mikro' disesuaikan dengan konteks kalimat.,Makna berlawanan dapat bergantung pada konteks dan ranah pemakaian.
454,maksimal,minimal,gradabel/kontekstual,umum,menengah,Pasangan 'maksimal' dan 'minimal' memiliki hubungan pertentangan makna dalam konteks umum.,Contoh: penggunaan kata 'maksimal' disesuaikan dengan konteks kalimat.,Contoh: penggunaan kata 'minimal' disesuaikan dengan konteks kalimat.,Makna berlawanan dapat bergantung pada konteks dan ranah pemakaian.
455,mayor,minor,gradabel/kontekstual,umum,menengah,Pasangan 'mayor' dan 'minor' memiliki hubungan pertentangan makna dalam konteks umum.,Contoh: penggunaan kata 'mayor' disesuaikan dengan konteks kalimat.,Contoh: penggunaan kata 'minor' disesuaikan dengan konteks kalimat.,Makna berlawanan dapat bergantung pada konteks dan ranah pemakaian.
456,mayoritas,minoritas,gradabel/kontekstual,sosial dan politik,menengah,Pasangan 'mayoritas' dan 'minoritas' memiliki hubungan pertentangan makna dalam konteks sosial dan politik.,Contoh: penggunaan kata 'mayoritas' disesuaikan dengan konteks kalimat.,Contoh: penggunaan kata 'minoritas' disesuaikan dengan konteks kalimat.,Makna berlawanan dapat bergantung pada konteks dan ranah pemakaian.
457,membeli,menjual,gradabel/kontekstual,umum,menengah,Pasangan 'membeli' dan 'menjual' memiliki hubungan pertentangan makna dalam konteks umum.,Contoh: penggunaan kata 'membeli' disesuaikan dengan konteks kalimat.,Contoh: penggunaan kata 'menjual' disesuaikan dengan konteks kalimat.,Makna berlawanan dapat bergantung pada konteks dan ranah pemakaian.
458,menerima,menolak,gradabel/kontekstual,umum,menengah,Pasangan 'menerima' dan 'menolak' memiliki hubungan pertentangan makna dalam konteks umum.,Contoh: penggunaan kata 'menerima' disesuaikan dengan konteks kalimat.,Contoh: penggunaan kata 'menolak' disesuaikan dengan konteks kalimat.,Makna berlawanan dapat bergantung pada konteks dan ranah pemakaian.
459,mengaktifkan,menonaktifkan,reversif,teknologi,tinggi,Pasangan 'mengaktifkan' dan 'menonaktifkan' memiliki hubungan pertentangan makna dalam konteks teknologi.,Contoh: penggunaan kata 'mengaktifkan' disesuaikan dengan konteks kalimat.,Contoh: penggunaan kata 'menonaktifkan' disesuaikan dengan konteks kalimat.,Hubungan pertentangan makna relatif langsung.
460,mengangkat,menurunkan,reversif,umum,tinggi,Pasangan 'mengangkat' dan 'menurunkan' memiliki hubungan pertentangan makna dalam konteks umum.,Contoh: penggunaan kata 'mengangkat' disesuaikan dengan konteks kalimat.,Contoh: penggunaan kata 'menurunkan' disesuaikan dengan konteks kalimat.,Hubungan pertentangan makna relatif langsung.
461,mengawali,mengakhiri,gradabel/kontekstual,umum,menengah,Pasangan 'mengawali' dan 'mengakhiri' memiliki hubungan pertentangan makna dalam konteks umum.,Contoh: penggunaan kata 'mengawali' disesuaikan dengan konteks kalimat.,Contoh: penggunaan kata 'mengakhiri' disesuaikan dengan konteks kalimat.,Makna berlawanan dapat bergantung pada konteks dan ranah pemakaian.
462,membangun,merobohkan,gradabel/kontekstual,umum,menengah,Pasangan 'membangun' dan 'merobohkan' memiliki hubungan pertentangan makna dalam konteks umum.,Contoh: penggunaan kata 'membangun' disesuaikan dengan konteks kalimat.,Contoh: penggunaan kata 'merobohkan' disesuaikan dengan konteks kalimat.,Makna berlawanan dapat bergantung pada konteks dan ranah pemakaian.
463,membuka,menutup,reversif,umum,tinggi,Pasangan 'membuka' dan 'menutup' memiliki hubungan pertentangan makna dalam konteks umum.,Contoh: penggunaan kata 'membuka' disesuaikan dengan konteks kalimat.,Contoh: penggunaan kata 'menutup' disesuaikan dengan konteks kalimat.,Hubungan pertentangan makna relatif langsung.
464,mempercepat,memperlambat,gradabel/kontekstual,umum,menengah,Pasangan 'mempercepat' dan 'memperlambat' memiliki hubungan pertentangan makna dalam konteks umum.,Contoh: penggunaan kata 'mempercepat' disesuaikan dengan konteks kalimat.,Contoh: penggunaan kata 'memperlambat' disesuaikan dengan konteks kalimat.,Makna berlawanan dapat bergantung pada konteks dan ranah pemakaian.
465,memperluas,mempersempit,gradabel/kontekstual,umum,menengah,Pasangan 'memperluas' dan 'mempersempit' memiliki hubungan pertentangan makna dalam konteks umum.,Contoh: penggunaan kata 'memperluas' disesuaikan dengan konteks kalimat.,Contoh: penggunaan kata 'mempersempit' disesuaikan dengan konteks kalimat.,Makna berlawanan dapat bergantung pada konteks dan ranah pemakaian.
466,memperkuat,memperlemah,gradabel/kontekstual,umum,menengah,Pasangan 'memperkuat' dan 'memperlemah' memiliki hubungan pertentangan makna dalam konteks umum.,Contoh: penggunaan kata 'memperkuat' disesuaikan dengan konteks kalimat.,Contoh: penggunaan kata 'memperlemah' disesuaikan dengan konteks kalimat.,Makna berlawanan dapat bergantung pada konteks dan ranah pemakaian.
467,menaati,melanggar,gradabel/kontekstual,umum,menengah,Pasangan 'menaati' dan 'melanggar' memiliki hubungan pertentangan makna dalam konteks umum.,Contoh: penggunaan kata 'menaati' disesuaikan dengan konteks kalimat.,Contoh: penggunaan kata 'melanggar' disesuaikan dengan konteks kalimat.,Makna berlawanan dapat bergantung pada konteks dan ranah pemakaian.
468,mencatat,menghapus,gradabel/kontekstual,umum,menengah,Pasangan 'mencatat' dan 'menghapus' memiliki hubungan pertentangan makna dalam konteks umum.,Contoh: penggunaan kata 'mencatat' disesuaikan dengan konteks kalimat.,Contoh: penggunaan kata 'menghapus' disesuaikan dengan konteks kalimat.,Makna berlawanan dapat bergantung pada konteks dan ranah pemakaian.
469,mendekat,menjauh,direksional/reversif,umum,tinggi,Pasangan 'mendekat' dan 'menjauh' memiliki hubungan pertentangan makna dalam konteks umum.,Contoh: penggunaan kata 'mendekat' disesuaikan dengan konteks kalimat.,Contoh: penggunaan kata 'menjauh' disesuaikan dengan konteks kalimat.,Hubungan pertentangan makna relatif langsung.
470,meningkat,menurun,reversif,umum,tinggi,Pasangan 'meningkat' dan 'menurun' memiliki hubungan pertentangan makna dalam konteks umum.,Contoh: penggunaan kata 'meningkat' disesuaikan dengan konteks kalimat.,Contoh: penggunaan kata 'menurun' disesuaikan dengan konteks kalimat.,Hubungan pertentangan makna relatif langsung.
471,menyambung,memutus,reversif,umum,tinggi,Pasangan 'menyambung' dan 'memutus' memiliki hubungan pertentangan makna dalam konteks umum.,Contoh: penggunaan kata 'menyambung' disesuaikan dengan konteks kalimat.,Contoh: penggunaan kata 'memutus' disesuaikan dengan konteks kalimat.,Hubungan pertentangan makna relatif langsung.
472,menyetujui,menentang,gradabel/kontekstual,umum,menengah,Pasangan 'menyetujui' dan 'menentang' memiliki hubungan pertentangan makna dalam konteks umum.,Contoh: penggunaan kata 'menyetujui' disesuaikan dengan konteks kalimat.,Contoh: penggunaan kata 'menentang' disesuaikan dengan konteks kalimat.,Makna berlawanan dapat bergantung pada konteks dan ranah pemakaian.
473,merdeka,terjajah,gradabel/kontekstual,umum,menengah,Pasangan 'merdeka' dan 'terjajah' memiliki hubungan pertentangan makna dalam konteks umum.,Contoh: penggunaan kata 'merdeka' disesuaikan dengan konteks kalimat.,Contoh: penggunaan kata 'terjajah' disesuaikan dengan konteks kalimat.,Makna berlawanan dapat bergantung pada konteks dan ranah pemakaian.
474,meriah,suram,gradabel/kontekstual,umum,menengah,Pasangan 'meriah' dan 'suram' memiliki hubungan pertentangan makna dalam konteks umum.,Contoh: penggunaan kata 'meriah' disesuaikan dengan konteks kalimat.,Contoh: penggunaan kata 'suram' disesuaikan dengan konteks kalimat.,Makna berlawanan dapat bergantung pada konteks dan ranah pemakaian.
475,merugikan,menguntungkan,gradabel/kontekstual,umum,menengah,Pasangan 'merugikan' dan 'menguntungkan' memiliki hubungan pertentangan makna dalam konteks umum.,Contoh: penggunaan kata 'merugikan' disesuaikan dengan konteks kalimat.,Contoh: penggunaan kata 'menguntungkan' disesuaikan dengan konteks kalimat.,Makna berlawanan dapat bergantung pada konteks dan ranah pemakaian.
476,netral,memihak,gradabel/kontekstual,umum,menengah,Pasangan 'netral' dan 'memihak' memiliki hubungan pertentangan makna dalam konteks umum.,Contoh: penggunaan kata 'netral' disesuaikan dengan konteks kalimat.,Contoh: penggunaan kata 'memihak' disesuaikan dengan konteks kalimat.,Makna berlawanan dapat bergantung pada konteks dan ranah pemakaian.
477,optimistis,pesimistis,gradabel/kontekstual,umum,menengah,Pasangan 'optimistis' dan 'pesimistis' memiliki hubungan pertentangan makna dalam konteks umum.,Contoh: penggunaan kata 'optimistis' disesuaikan dengan konteks kalimat.,Contoh: penggunaan kata 'pesimistis' disesuaikan dengan konteks kalimat.,Makna berlawanan dapat bergantung pada konteks dan ranah pemakaian.
478,organik,anorganik,gradabel/kontekstual,umum,menengah,Pasangan 'organik' dan 'anorganik' memiliki hubungan pertentangan makna dalam konteks umum.,Contoh: penggunaan kata 'organik' disesuaikan dengan konteks kalimat.,Contoh: penggunaan kata 'anorganik' disesuaikan dengan konteks kalimat.,Makna berlawanan dapat bergantung pada konteks dan ranah pemakaian.
479,padat,renggang,gradabel/kontekstual,umum,menengah,Pasangan 'padat' dan 'renggang' memiliki hubungan pertentangan makna dalam konteks umum.,Contoh: penggunaan kata 'padat' disesuaikan dengan konteks kalimat.,Contoh: penggunaan kata 'renggang' disesuaikan dengan konteks kalimat.,Makna berlawanan dapat bergantung pada konteks dan ranah pemakaian.
480,patuh,membangkang,gradabel/kontekstual,umum,menengah,Pasangan 'patuh' dan 'membangkang' memiliki hubungan pertentangan makna dalam konteks umum.,Contoh: penggunaan kata 'patuh' disesuaikan dengan konteks kalimat.,Contoh: penggunaan kata 'membangkang' disesuaikan dengan konteks kalimat.,Makna berlawanan dapat bergantung pada konteks dan ranah pemakaian.
481,peduli,acuh,gradabel/kontekstual,umum,menengah,Pasangan 'peduli' dan 'acuh' memiliki hubungan pertentangan makna dalam konteks umum.,Contoh: penggunaan kata 'peduli' disesuaikan dengan konteks kalimat.,Contoh: penggunaan kata 'acuh' disesuaikan dengan konteks kalimat.,Makna berlawanan dapat bergantung pada konteks dan ranah pemakaian.
482,permanen,sementara,gradabel/kontekstual,umum,menengah,Pasangan 'permanen' dan 'sementara' memiliki hubungan pertentangan makna dalam konteks umum.,Contoh: penggunaan kata 'permanen' disesuaikan dengan konteks kalimat.,Contoh: penggunaan kata 'sementara' disesuaikan dengan konteks kalimat.,Makna berlawanan dapat bergantung pada konteks dan ranah pemakaian.
483,produktif,konsumtif,gradabel/kontekstual,umum,menengah,Pasangan 'produktif' dan 'konsumtif' memiliki hubungan pertentangan makna dalam konteks umum.,Contoh: penggunaan kata 'produktif' disesuaikan dengan konteks kalimat.,Contoh: penggunaan kata 'konsumtif' disesuaikan dengan konteks kalimat.,Makna berlawanan dapat bergantung pada konteks dan ranah pemakaian.
484,pro,kontra,gradabel/kontekstual,umum,menengah,Pasangan 'pro' dan 'kontra' memiliki hubungan pertentangan makna dalam konteks umum.,Contoh: penggunaan kata 'pro' disesuaikan dengan konteks kalimat.,Contoh: penggunaan kata 'kontra' disesuaikan dengan konteks kalimat.,Makna berlawanan dapat bergantung pada konteks dan ranah pemakaian.
485,proaktif,reaktif,gradabel/kontekstual,teknologi,menengah,Pasangan 'proaktif' dan 'reaktif' memiliki hubungan pertentangan makna dalam konteks teknologi.,Contoh: penggunaan kata 'proaktif' disesuaikan dengan konteks kalimat.,Contoh: penggunaan kata 'reaktif' disesuaikan dengan konteks kalimat.,Makna berlawanan dapat bergantung pada konteks dan ranah pemakaian.
486,publik,privat,gradabel/kontekstual,sosial dan politik,menengah,Pasangan 'publik' dan 'privat' memiliki hubungan pertentangan makna dalam konteks sosial dan politik.,Contoh: penggunaan kata 'publik' disesuaikan dengan konteks kalimat.,Contoh: penggunaan kata 'privat' disesuaikan dengan konteks kalimat.,Makna berlawanan dapat bergantung pada konteks dan ranah pemakaian.
487,rasional,irasional,gradabel/kontekstual,umum,menengah,Pasangan 'rasional' dan 'irasional' memiliki hubungan pertentangan makna dalam konteks umum.,Contoh: penggunaan kata 'rasional' disesuaikan dengan konteks kalimat.,Contoh: penggunaan kata 'irasional' disesuaikan dengan konteks kalimat.,Makna berlawanan dapat bergantung pada konteks dan ranah pemakaian.
488,resmi,tidak resmi,gradabel/kontekstual,umum,menengah,Pasangan 'resmi' dan 'tidak resmi' memiliki hubungan pertentangan makna dalam konteks umum.,Contoh: penggunaan kata 'resmi' disesuaikan dengan konteks kalimat.,Contoh: penggunaan kata 'tidak resmi' disesuaikan dengan konteks kalimat.,Makna berlawanan dapat bergantung pada konteks dan ranah pemakaian.
489,riil,semu,gradabel/kontekstual,umum,menengah,Pasangan 'riil' dan 'semu' memiliki hubungan pertentangan makna dalam konteks umum.,Contoh: penggunaan kata 'riil' disesuaikan dengan konteks kalimat.,Contoh: penggunaan kata 'semu' disesuaikan dengan konteks kalimat.,Makna berlawanan dapat bergantung pada konteks dan ranah pemakaian.
490,rumit,sederhana,gradabel/kontekstual,umum,menengah,Pasangan 'rumit' dan 'sederhana' memiliki hubungan pertentangan makna dalam konteks umum.,Contoh: penggunaan kata 'rumit' disesuaikan dengan konteks kalimat.,Contoh: penggunaan kata 'sederhana' disesuaikan dengan konteks kalimat.,Makna berlawanan dapat bergantung pada konteks dan ranah pemakaian.
491,sadar,pingsan,gradabel/kontekstual,kesehatan,menengah,Pasangan 'sadar' dan 'pingsan' memiliki hubungan pertentangan makna dalam konteks kesehatan.,Contoh: penggunaan kata 'sadar' disesuaikan dengan konteks kalimat.,Contoh: penggunaan kata 'pingsan' disesuaikan dengan konteks kalimat.,Makna berlawanan dapat bergantung pada konteks dan ranah pemakaian.
492,sah,batal,komplementer,hukum,tinggi,Pasangan 'sah' dan 'batal' memiliki hubungan pertentangan makna dalam konteks hukum.,Contoh: penggunaan kata 'sah' disesuaikan dengan konteks kalimat.,Contoh: penggunaan kata 'batal' disesuaikan dengan konteks kalimat.,Hubungan pertentangan makna relatif langsung.
493,sama,berbeda,gradabel/kontekstual,umum,menengah,Pasangan 'sama' dan 'berbeda' memiliki hubungan pertentangan makna dalam konteks umum.,Contoh: penggunaan kata 'sama' disesuaikan dengan konteks kalimat.,Contoh: penggunaan kata 'berbeda' disesuaikan dengan konteks kalimat.,Makna berlawanan dapat bergantung pada konteks dan ranah pemakaian.
494,seimbang,timpang,gradabel/kontekstual,umum,menengah,Pasangan 'seimbang' dan 'timpang' memiliki hubungan pertentangan makna dalam konteks umum.,Contoh: penggunaan kata 'seimbang' disesuaikan dengan konteks kalimat.,Contoh: penggunaan kata 'timpang' disesuaikan dengan konteks kalimat.,Makna berlawanan dapat bergantung pada konteks dan ranah pemakaian.
495,sejahtera,melarat,gradabel/kontekstual,umum,menengah,Pasangan 'sejahtera' dan 'melarat' memiliki hubungan pertentangan makna dalam konteks umum.,Contoh: penggunaan kata 'sejahtera' disesuaikan dengan konteks kalimat.,Contoh: penggunaan kata 'melarat' disesuaikan dengan konteks kalimat.,Makna berlawanan dapat bergantung pada konteks dan ranah pemakaian.
496,sinkron,asinkron,gradabel/kontekstual,teknologi,menengah,Pasangan 'sinkron' dan 'asinkron' memiliki hubungan pertentangan makna dalam konteks teknologi.,Contoh: penggunaan kata 'sinkron' disesuaikan dengan konteks kalimat.,Contoh: penggunaan kata 'asinkron' disesuaikan dengan konteks kalimat.,Makna berlawanan dapat bergantung pada konteks dan ranah pemakaian.
497,stabil,labil,gradabel/kontekstual,umum,menengah,Pasangan 'stabil' dan 'labil' memiliki hubungan pertentangan makna dalam konteks umum.,Contoh: penggunaan kata 'stabil' disesuaikan dengan konteks kalimat.,Contoh: penggunaan kata 'labil' disesuaikan dengan konteks kalimat.,Makna berlawanan dapat bergantung pada konteks dan ranah pemakaian.
498,terbuka,tertutup,gradabel/kontekstual,umum,menengah,Pasangan 'terbuka' dan 'tertutup' memiliki hubungan pertentangan makna dalam konteks umum.,Contoh: penggunaan kata 'terbuka' disesuaikan dengan konteks kalimat.,Contoh: penggunaan kata 'tertutup' disesuaikan dengan konteks kalimat.,Makna berlawanan dapat bergantung pada konteks dan ranah pemakaian.
499,tersambung,terputus,gradabel/kontekstual,umum,menengah,Pasangan 'tersambung' dan 'terputus' memiliki hubungan pertentangan makna dalam konteks umum.,Contoh: penggunaan kata 'tersambung' disesuaikan dengan konteks kalimat.,Contoh: penggunaan kata 'terputus' disesuaikan dengan konteks kalimat.,Makna berlawanan dapat bergantung pada konteks dan ranah pemakaian.
500,transparan,buram,gradabel/kontekstual,umum,menengah,Pasangan 'transparan' dan 'buram' memiliki hubungan pertentangan makna dalam konteks umum.,Contoh: penggunaan kata 'transparan' disesuaikan dengan konteks kalimat.,Contoh: penggunaan kata 'buram' disesuaikan dengan konteks kalimat.,Makna berlawanan dapat bergantung pada konteks dan ranah pemakaian.
501,valid,tidak valid,gradabel/kontekstual,umum,menengah,Pasangan 'valid' dan 'tidak valid' memiliki hubungan pertentangan makna dalam konteks umum.,Contoh: penggunaan kata 'valid' disesuaikan dengan konteks kalimat.,Contoh: penggunaan kata 'tidak valid' disesuaikan dengan konteks kalimat.,Makna berlawanan dapat bergantung pada konteks dan ranah pemakaian.
502,virtual,fisik,gradabel/kontekstual,teknologi,menengah,Pasangan 'virtual' dan 'fisik' memiliki hubungan pertentangan makna dalam konteks teknologi.,Contoh: penggunaan kata 'virtual' disesuaikan dengan konteks kalimat.,Contoh: penggunaan kata 'fisik' disesuaikan dengan konteks kalimat.,Makna berlawanan dapat bergantung pada konteks dan ranah pemakaian.
503,wajib,opsional,gradabel/kontekstual,hukum,menengah,Pasangan 'wajib' dan 'opsional' memiliki hubungan pertentangan makna dalam konteks hukum.,Contoh: penggunaan kata 'wajib' disesuaikan dengan konteks kalimat.,Contoh: penggunaan kata 'opsional' disesuaikan dengan konteks kalimat.,Makna berlawanan dapat bergantung pada konteks dan ranah pemakaian.
504,waras,gila,gradabel/kontekstual,kesehatan,menengah,Pasangan 'waras' dan 'gila' memiliki hubungan pertentangan makna dalam konteks kesehatan.,Contoh: penggunaan kata 'waras' disesuaikan dengan konteks kalimat.,Contoh: penggunaan kata 'gila' disesuaikan dengan konteks kalimat.,Makna berlawanan dapat bergantung pada konteks dan ranah pemakaian.
505,kebaikan,keburukan,gradabel/kontekstual,umum,menengah,Pasangan 'kebaikan' dan 'keburukan' memiliki hubungan pertentangan makna dalam konteks umum.,Contoh: penggunaan kata 'kebaikan' disesuaikan dengan konteks kalimat.,Contoh: penggunaan kata 'keburukan' disesuaikan dengan konteks kalimat.,Makna berlawanan dapat bergantung pada konteks dan ranah pemakaian.
506,membesar,mengecil,gradabel/kontekstual,umum,menengah,Pasangan 'membesar' dan 'mengecil' memiliki hubungan pertentangan makna dalam konteks umum.,Contoh: penggunaan kata 'membesar' disesuaikan dengan konteks kalimat.,Contoh: penggunaan kata 'mengecil' disesuaikan dengan konteks kalimat.,Makna berlawanan dapat bergantung pada konteks dan ranah pemakaian.
507,meninggi,merendah,gradabel/kontekstual,umum,menengah,Pasangan 'meninggi' dan 'merendah' memiliki hubungan pertentangan makna dalam konteks umum.,Contoh: penggunaan kata 'meninggi' disesuaikan dengan konteks kalimat.,Contoh: penggunaan kata 'merendah' disesuaikan dengan konteks kalimat.,Makna berlawanan dapat bergantung pada konteks dan ranah pemakaian.
508,kecepatan,kelambatan,gradabel/kontekstual,umum,menengah,Pasangan 'kecepatan' dan 'kelambatan' memiliki hubungan pertentangan makna dalam konteks umum.,Contoh: penggunaan kata 'kecepatan' disesuaikan dengan konteks kalimat.,Contoh: penggunaan kata 'kelambatan' disesuaikan dengan konteks kalimat.,Makna berlawanan dapat bergantung pada konteks dan ranah pemakaian.
509,kekuatan,kelemahan,gradabel/kontekstual,umum,menengah,Pasangan 'kekuatan' dan 'kelemahan' memiliki hubungan pertentangan makna dalam konteks umum.,Contoh: penggunaan kata 'kekuatan' disesuaikan dengan konteks kalimat.,Contoh: penggunaan kata 'kelemahan' disesuaikan dengan konteks kalimat.,Makna berlawanan dapat bergantung pada konteks dan ranah pemakaian.
510,keberanian,ketakutan,gradabel/kontekstual,umum,menengah,Pasangan 'keberanian' dan 'ketakutan' memiliki hubungan pertentangan makna dalam konteks umum.,Contoh: penggunaan kata 'keberanian' disesuaikan dengan konteks kalimat.,Contoh: penggunaan kata 'ketakutan' disesuaikan dengan konteks kalimat.,Makna berlawanan dapat bergantung pada konteks dan ranah pemakaian.
511,kesenangan,kesedihan,gradabel/kontekstual,umum,menengah,Pasangan 'kesenangan' dan 'kesedihan' memiliki hubungan pertentangan makna dalam konteks umum.,Contoh: penggunaan kata 'kesenangan' disesuaikan dengan konteks kalimat.,Contoh: penggunaan kata 'kesedihan' disesuaikan dengan konteks kalimat.,Makna berlawanan dapat bergantung pada konteks dan ranah pemakaian.
512,kebahagiaan,kesengsaraan,gradabel/kontekstual,umum,menengah,Pasangan 'kebahagiaan' dan 'kesengsaraan' memiliki hubungan pertentangan makna dalam konteks umum.,Contoh: penggunaan kata 'kebahagiaan' disesuaikan dengan konteks kalimat.,Contoh: penggunaan kata 'kesengsaraan' disesuaikan dengan konteks kalimat.,Makna berlawanan dapat bergantung pada konteks dan ranah pemakaian.
513,kekayaan,kemiskinan,gradabel/kontekstual,umum,menengah,Pasangan 'kekayaan' dan 'kemiskinan' memiliki hubungan pertentangan makna dalam konteks umum.,Contoh: penggunaan kata 'kekayaan' disesuaikan dengan konteks kalimat.,Contoh: penggunaan kata 'kemiskinan' disesuaikan dengan konteks kalimat.,Makna berlawanan dapat bergantung pada konteks dan ranah pemakaian.
514,kejujuran,kebohongan,gradabel/kontekstual,umum,menengah,Pasangan 'kejujuran' dan 'kebohongan' memiliki hubungan pertentangan makna dalam konteks umum.,Contoh: penggunaan kata 'kejujuran' disesuaikan dengan konteks kalimat.,Contoh: penggunaan kata 'kebohongan' disesuaikan dengan konteks kalimat.,Makna berlawanan dapat bergantung pada konteks dan ranah pemakaian.
515,keadilan,kezaliman,gradabel/kontekstual,hukum,menengah,Pasangan 'keadilan' dan 'kezaliman' memiliki hubungan pertentangan makna dalam konteks hukum.,Contoh: penggunaan kata 'keadilan' disesuaikan dengan konteks kalimat.,Contoh: penggunaan kata 'kezaliman' disesuaikan dengan konteks kalimat.,Makna berlawanan dapat bergantung pada konteks dan ranah pemakaian.
516,keamanan,bahaya,gradabel/kontekstual,umum,menengah,Pasangan 'keamanan' dan 'bahaya' memiliki hubungan pertentangan makna dalam konteks umum.,Contoh: penggunaan kata 'keamanan' disesuaikan dengan konteks kalimat.,Contoh: penggunaan kata 'bahaya' disesuaikan dengan konteks kalimat.,Makna berlawanan dapat bergantung pada konteks dan ranah pemakaian.
517,kebersihan,kekotoran,gradabel/kontekstual,umum,menengah,Pasangan 'kebersihan' dan 'kekotoran' memiliki hubungan pertentangan makna dalam konteks umum.,Contoh: penggunaan kata 'kebersihan' disesuaikan dengan konteks kalimat.,Contoh: penggunaan kata 'kekotoran' disesuaikan dengan konteks kalimat.,Makna berlawanan dapat bergantung pada konteks dan ranah pemakaian.
518,kerapian,keberantakan,gradabel/kontekstual,umum,menengah,Pasangan 'kerapian' dan 'keberantakan' memiliki hubungan pertentangan makna dalam konteks umum.,Contoh: penggunaan kata 'kerapian' disesuaikan dengan konteks kalimat.,Contoh: penggunaan kata 'keberantakan' disesuaikan dengan konteks kalimat.,Makna berlawanan dapat bergantung pada konteks dan ranah pemakaian.
519,keluasan,kesempitan,gradabel/kontekstual,umum,menengah,Pasangan 'keluasan' dan 'kesempitan' memiliki hubungan pertentangan makna dalam konteks umum.,Contoh: penggunaan kata 'keluasan' disesuaikan dengan konteks kalimat.,Contoh: penggunaan kata 'kesempitan' disesuaikan dengan konteks kalimat.,Makna berlawanan dapat bergantung pada konteks dan ranah pemakaian.
520,kedalaman,kedangkalan,gradabel/kontekstual,umum,menengah,Pasangan 'kedalaman' dan 'kedangkalan' memiliki hubungan pertentangan makna dalam konteks umum.,Contoh: penggunaan kata 'kedalaman' disesuaikan dengan konteks kalimat.,Contoh: penggunaan kata 'kedangkalan' disesuaikan dengan konteks kalimat.,Makna berlawanan dapat bergantung pada konteks dan ranah pemakaian.
521,memanjang,memendek,gradabel/kontekstual,umum,menengah,Pasangan 'memanjang' dan 'memendek' memiliki hubungan pertentangan makna dalam konteks umum.,Contoh: penggunaan kata 'memanjang' disesuaikan dengan konteks kalimat.,Contoh: penggunaan kata 'memendek' disesuaikan dengan konteks kalimat.,Makna berlawanan dapat bergantung pada konteks dan ranah pemakaian.
522,menebal,menipis,gradabel/kontekstual,umum,menengah,Pasangan 'menebal' dan 'menipis' memiliki hubungan pertentangan makna dalam konteks umum.,Contoh: penggunaan kata 'menebal' disesuaikan dengan konteks kalimat.,Contoh: penggunaan kata 'menipis' disesuaikan dengan konteks kalimat.,Makna berlawanan dapat bergantung pada konteks dan ranah pemakaian.
523,menerangkan,menggelapkan,gradabel/kontekstual,umum,menengah,Pasangan 'menerangkan' dan 'menggelapkan' memiliki hubungan pertentangan makna dalam konteks umum.,Contoh: penggunaan kata 'menerangkan' disesuaikan dengan konteks kalimat.,Contoh: penggunaan kata 'menggelapkan' disesuaikan dengan konteks kalimat.,Makna berlawanan dapat bergantung pada konteks dan ranah pemakaian.
524,memanaskan,mendinginkan,gradabel/kontekstual,umum,menengah,Pasangan 'memanaskan' dan 'mendinginkan' memiliki hubungan pertentangan makna dalam konteks umum.,Contoh: penggunaan kata 'memanaskan' disesuaikan dengan konteks kalimat.,Contoh: penggunaan kata 'mendinginkan' disesuaikan dengan konteks kalimat.,Makna berlawanan dapat bergantung pada konteks dan ranah pemakaian.
525,kemahalan,kemurahan,gradabel/kontekstual,umum,menengah,Pasangan 'kemahalan' dan 'kemurahan' memiliki hubungan pertentangan makna dalam konteks umum.,Contoh: penggunaan kata 'kemahalan' disesuaikan dengan konteks kalimat.,Contoh: penggunaan kata 'kemurahan' disesuaikan dengan konteks kalimat.,Makna berlawanan dapat bergantung pada konteks dan ranah pemakaian.
526,kerajinan,kemalasan,gradabel/kontekstual,umum,menengah,Pasangan 'kerajinan' dan 'kemalasan' memiliki hubungan pertentangan makna dalam konteks umum.,Contoh: penggunaan kata 'kerajinan' disesuaikan dengan konteks kalimat.,Contoh: penggunaan kata 'kemalasan' disesuaikan dengan konteks kalimat.,Makna berlawanan dapat bergantung pada konteks dan ranah pemakaian.
527,kepintaran,kebodohan,gradabel/kontekstual,umum,menengah,Pasangan 'kepintaran' dan 'kebodohan' memiliki hubungan pertentangan makna dalam konteks umum.,Contoh: penggunaan kata 'kepintaran' disesuaikan dengan konteks kalimat.,Contoh: penggunaan kata 'kebodohan' disesuaikan dengan konteks kalimat.,Makna berlawanan dapat bergantung pada konteks dan ranah pemakaian.
528,kesopanan,kekasaran,gradabel/kontekstual,umum,menengah,Pasangan 'kesopanan' dan 'kekasaran' memiliki hubungan pertentangan makna dalam konteks umum.,Contoh: penggunaan kata 'kesopanan' disesuaikan dengan konteks kalimat.,Contoh: penggunaan kata 'kekasaran' disesuaikan dengan konteks kalimat.,Makna berlawanan dapat bergantung pada konteks dan ranah pemakaian.
529,keramahan,kegalakan,gradabel/kontekstual,umum,menengah,Pasangan 'keramahan' dan 'kegalakan' memiliki hubungan pertentangan makna dalam konteks umum.,Contoh: penggunaan kata 'keramahan' disesuaikan dengan konteks kalimat.,Contoh: penggunaan kata 'kegalakan' disesuaikan dengan konteks kalimat.,Makna berlawanan dapat bergantung pada konteks dan ranah pemakaian.
530,penghematan,pemborosan,gradabel/kontekstual,umum,menengah,Pasangan 'penghematan' dan 'pemborosan' memiliki hubungan pertentangan makna dalam konteks umum.,Contoh: penggunaan kata 'penghematan' disesuaikan dengan konteks kalimat.,Contoh: penggunaan kata 'pemborosan' disesuaikan dengan konteks kalimat.,Makna berlawanan dapat bergantung pada konteks dan ranah pemakaian.
531,kesuburan,ketandusan,gradabel/kontekstual,umum,menengah,Pasangan 'kesuburan' dan 'ketandusan' memiliki hubungan pertentangan makna dalam konteks umum.,Contoh: penggunaan kata 'kesuburan' disesuaikan dengan konteks kalimat.,Contoh: penggunaan kata 'ketandusan' disesuaikan dengan konteks kalimat.,Makna berlawanan dapat bergantung pada konteks dan ranah pemakaian.
532,keramaian,kesepian,gradabel/kontekstual,umum,menengah,Pasangan 'keramaian' dan 'kesepian' memiliki hubungan pertentangan makna dalam konteks umum.,Contoh: penggunaan kata 'keramaian' disesuaikan dengan konteks kalimat.,Contoh: penggunaan kata 'kesepian' disesuaikan dengan konteks kalimat.,Makna berlawanan dapat bergantung pada konteks dan ranah pemakaian.
533,kemudahan,kesukaran,gradabel/kontekstual,umum,menengah,Pasangan 'kemudahan' dan 'kesukaran' memiliki hubungan pertentangan makna dalam konteks umum.,Contoh: penggunaan kata 'kemudahan' disesuaikan dengan konteks kalimat.,Contoh: penggunaan kata 'kesukaran' disesuaikan dengan konteks kalimat.,Makna berlawanan dapat bergantung pada konteks dan ranah pemakaian.
534,keindahan,kejelekan,gradabel/kontekstual,umum,menengah,Pasangan 'keindahan' dan 'kejelekan' memiliki hubungan pertentangan makna dalam konteks umum.,Contoh: penggunaan kata 'keindahan' disesuaikan dengan konteks kalimat.,Contoh: penggunaan kata 'kejelekan' disesuaikan dengan konteks kalimat.,Makna berlawanan dapat bergantung pada konteks dan ranah pemakaian.
535,optimisme,pesimisme,gradabel/kontekstual,umum,menengah,Pasangan 'optimisme' dan 'pesimisme' memiliki hubungan pertentangan makna dalam konteks umum.,Contoh: penggunaan kata 'optimisme' disesuaikan dengan konteks kalimat.,Contoh: penggunaan kata 'pesimisme' disesuaikan dengan konteks kalimat.,Makna berlawanan dapat bergantung pada konteks dan ranah pemakaian.
536,keaktifan,kepasifan,gradabel/kontekstual,teknologi,menengah,Pasangan 'keaktifan' dan 'kepasifan' memiliki hubungan pertentangan makna dalam konteks teknologi.,Contoh: penggunaan kata 'keaktifan' disesuaikan dengan konteks kalimat.,Contoh: penggunaan kata 'kepasifan' disesuaikan dengan konteks kalimat.,Makna berlawanan dapat bergantung pada konteks dan ranah pemakaian.
537,modernisasi,tradisionalisasi,gradabel/kontekstual,umum,menengah,Pasangan 'modernisasi' dan 'tradisionalisasi' memiliki hubungan pertentangan makna dalam konteks umum.,Contoh: penggunaan kata 'modernisasi' disesuaikan dengan konteks kalimat.,Contoh: penggunaan kata 'tradisionalisasi' disesuaikan dengan konteks kalimat.,Makna berlawanan dapat bergantung pada konteks dan ranah pemakaian.
538,keaslian,kepalsuan,gradabel/kontekstual,umum,menengah,Pasangan 'keaslian' dan 'kepalsuan' memiliki hubungan pertentangan makna dalam konteks umum.,Contoh: penggunaan kata 'keaslian' disesuaikan dengan konteks kalimat.,Contoh: penggunaan kata 'kepalsuan' disesuaikan dengan konteks kalimat.,Makna berlawanan dapat bergantung pada konteks dan ranah pemakaian.
539,kebenaran,kesalahan,gradabel/kontekstual,umum,menengah,Pasangan 'kebenaran' dan 'kesalahan' memiliki hubungan pertentangan makna dalam konteks umum.,Contoh: penggunaan kata 'kebenaran' disesuaikan dengan konteks kalimat.,Contoh: penggunaan kata 'kesalahan' disesuaikan dengan konteks kalimat.,Makna berlawanan dapat bergantung pada konteks dan ranah pemakaian.
540,kesetiaan,pengkhianatan,gradabel/kontekstual,umum,menengah,Pasangan 'kesetiaan' dan 'pengkhianatan' memiliki hubungan pertentangan makna dalam konteks umum.,Contoh: penggunaan kata 'kesetiaan' disesuaikan dengan konteks kalimat.,Contoh: penggunaan kata 'pengkhianatan' disesuaikan dengan konteks kalimat.,Makna berlawanan dapat bergantung pada konteks dan ranah pemakaian.
541,kesabaran,kegusaran,gradabel/kontekstual,umum,menengah,Pasangan 'kesabaran' dan 'kegusaran' memiliki hubungan pertentangan makna dalam konteks umum.,Contoh: penggunaan kata 'kesabaran' disesuaikan dengan konteks kalimat.,Contoh: penggunaan kata 'kegusaran' disesuaikan dengan konteks kalimat.,Makna berlawanan dapat bergantung pada konteks dan ranah pemakaian.
542,ketenangan,kegelisahan,gradabel/kontekstual,hukum,menengah,Pasangan 'ketenangan' dan 'kegelisahan' memiliki hubungan pertentangan makna dalam konteks hukum.,Contoh: penggunaan kata 'ketenangan' disesuaikan dengan konteks kalimat.,Contoh: penggunaan kata 'kegelisahan' disesuaikan dengan konteks kalimat.,Makna berlawanan dapat bergantung pada konteks dan ranah pemakaian.
543,perdamaian,peperangan,gradabel/kontekstual,umum,menengah,Pasangan 'perdamaian' dan 'peperangan' memiliki hubungan pertentangan makna dalam konteks umum.,Contoh: penggunaan kata 'perdamaian' disesuaikan dengan konteks kalimat.,Contoh: penggunaan kata 'peperangan' disesuaikan dengan konteks kalimat.,Makna berlawanan dapat bergantung pada konteks dan ranah pemakaian.
544,kekokohan,kerapuhan,gradabel/kontekstual,umum,menengah,Pasangan 'kekokohan' dan 'kerapuhan' memiliki hubungan pertentangan makna dalam konteks umum.,Contoh: penggunaan kata 'kekokohan' disesuaikan dengan konteks kalimat.,Contoh: penggunaan kata 'kerapuhan' disesuaikan dengan konteks kalimat.,Makna berlawanan dapat bergantung pada konteks dan ranah pemakaian.
545,kejelasan,kesamaran,gradabel/kontekstual,umum,menengah,Pasangan 'kejelasan' dan 'kesamaran' memiliki hubungan pertentangan makna dalam konteks umum.,Contoh: penggunaan kata 'kejelasan' disesuaikan dengan konteks kalimat.,Contoh: penggunaan kata 'kesamaran' disesuaikan dengan konteks kalimat.,Makna berlawanan dapat bergantung pada konteks dan ranah pemakaian.
546,keakraban,keterasingan,gradabel/kontekstual,umum,menengah,Pasangan 'keakraban' dan 'keterasingan' memiliki hubungan pertentangan makna dalam konteks umum.,Contoh: penggunaan kata 'keakraban' disesuaikan dengan konteks kalimat.,Contoh: penggunaan kata 'keterasingan' disesuaikan dengan konteks kalimat.,Makna berlawanan dapat bergantung pada konteks dan ranah pemakaian.
547,kepositifan,kenegatifan,gradabel/kontekstual,umum,menengah,Pasangan 'kepositifan' dan 'kenegatifan' memiliki hubungan pertentangan makna dalam konteks umum.,Contoh: penggunaan kata 'kepositifan' disesuaikan dengan konteks kalimat.,Contoh: penggunaan kata 'kenegatifan' disesuaikan dengan konteks kalimat.,Makna berlawanan dapat bergantung pada konteks dan ranah pemakaian.
548,ketetapan,kesementaraan,gradabel/kontekstual,umum,menengah,Pasangan 'ketetapan' dan 'kesementaraan' memiliki hubungan pertentangan makna dalam konteks umum.,Contoh: penggunaan kata 'ketetapan' disesuaikan dengan konteks kalimat.,Contoh: penggunaan kata 'kesementaraan' disesuaikan dengan konteks kalimat.,Makna berlawanan dapat bergantung pada konteks dan ranah pemakaian.
549,keabadian,kefanaan,gradabel/kontekstual,umum,menengah,Pasangan 'keabadian' dan 'kefanaan' memiliki hubungan pertentangan makna dalam konteks umum.,Contoh: penggunaan kata 'keabadian' disesuaikan dengan konteks kalimat.,Contoh: penggunaan kata 'kefanaan' disesuaikan dengan konteks kalimat.,Makna berlawanan dapat bergantung pada konteks dan ranah pemakaian.
